graph,side,nodes,edges,algorithm,pair_kind,src,dst,manhattan,nodes_explored,path_len,total_distance,total_time,avoid_count,found
sparse,30,900,1387,dijkstra_distance,close,17_7,19_4,5,76,8,7.0,0.2788343576528599,7,1
sparse,30,900,1387,dijkstra_distance,close,11_6,12_6,1,3,2,1.0,0.0350851635405028,7,1
sparse,30,900,1387,dijkstra_distance,close,24_28,22_29,3,8,4,3.0,0.11516003417506909,7,1
sparse,30,900,1387,dijkstra_distance,close,10_14,10_15,1,4,2,1.0,0.033504129902848366,7,1
sparse,30,900,1387,dijkstra_distance,close,16_10,15_9,2,10,3,2.0,0.08761397954795877,7,1
sparse,30,900,1387,dijkstra_distance,close,5_26,2_23,6,41,7,6.0,0.255926026952692,7,1
sparse,30,900,1387,dijkstra_distance,close,24_13,26_13,2,27,5,4.0,0.16244606620476204,7,1
sparse,30,900,1387,dijkstra_distance,close,5_14,6_16,3,11,4,3.0,0.10742123562690858,7,1
sparse,30,900,1387,dijkstra_distance,close,9_10,7_12,4,25,5,4.0,0.1558015273155791,7,1
sparse,30,900,1387,dijkstra_distance,close,25_21,26_19,3,19,4,3.0,0.11891244473287689,7,1
sparse,30,900,1387,dijkstra_distance,close,14_6,13_7,2,8,3,2.0,0.07962672828296635,7,1
sparse,30,900,1387,dijkstra_distance,close,13_26,16_24,5,40,6,5.0,0.20211603989845417,7,1
sparse,30,900,1387,dijkstra_distance,close,23_24,26_21,6,52,7,6.0,0.25012240870580493,7,1
sparse,30,900,1387,dijkstra_distance,close,15_29,16_29,1,3,2,1.0,0.045568001845381706,7,1
sparse,30,900,1387,dijkstra_distance,close,17_21,15_18,5,37,6,5.0,0.20374068939973466,7,1
sparse,30,900,1387,dijkstra_distance,close,20_7,18_8,3,12,4,3.0,0.12088840131147144,7,1
sparse,30,900,1387,dijkstra_distance,close,14_9,17_10,4,27,5,4.0,0.15692574334086742,7,1
sparse,30,900,1387,dijkstra_distance,close,9_17,12_20,6,70,7,6.0,0.23346047872541284,7,1
sparse,30,900,1387,dijkstra_distance,close,28_18,26_18,2,19,4,3.4139999999999997,0.14216957364149907,7,1
sparse,30,900,1387,dijkstra_distance,close,1_15,3_15,2,14,5,4.0,0.13296245945412047,7,1
sparse,30,900,1387,dijkstra_time,close,17_7,19_4,5,69,8,7.0,0.2637073430320637,7,1
sparse,30,900,1387,dijkstra_time,close,11_6,12_6,1,2,2,1.0,0.0350851635405028,7,1
sparse,30,900,1387,dijkstra_time,close,24_28,22_29,3,11,4,3.0,0.11516003417506909,7,1
sparse,30,900,1387,dijkstra_time,close,10_14,10_15,1,2,2,1.0,0.033504129902848366,7,1
sparse,30,900,1387,dijkstra_time,close,16_10,15_9,2,7,3,2.0,0.07630310298595827,7,1
sparse,30,900,1387,dijkstra_time,close,5_26,2_23,6,44,7,6.0,0.2300226224027225,7,1
sparse,30,900,1387,dijkstra_time,close,24_13,26_13,2,33,5,4.0,0.16244606620476204,7,1
sparse,30,900,1387,dijkstra_time,close,5_14,6_16,3,9,4,3.0,0.10673668431957317,7,1
sparse,30,900,1387,dijkstra_time,close,9_10,7_12,4,21,5,4.0,0.1558015273155791,7,1
sparse,30,900,1387,dijkstra_time,close,25_21,26_19,3,19,4,3.0,0.11891244473287689,7,1
sparse,30,900,1387,dijkstra_time,close,14_6,13_7,2,8,3,2.0,0.07962672828296635,7,1
sparse,30,900,1387,dijkstra_time,close,13_26,16_24,5,45,6,5.0,0.19982313794369144,7,1
sparse,30,900,1387,dijkstra_time,close,23_24,26_21,6,48,7,6.0,0.24484996568682815,7,1
sparse,30,900,1387,dijkstra_time,close,15_29,16_29,1,4,2,1.0,0.045568001845381706,7,1
sparse,30,900,1387,dijkstra_time,close,17_21,15_18,5,33,6,5.0,0.18978116286145233,7,1
sparse,30,900,1387,dijkstra_time,close,20_7,18_8,3,16,4,3.0,0.12088840131147144,7,1
sparse,30,900,1387,dijkstra_time,close,14_9,17_10,4,32,5,4.0,0.15692574334086742,7,1
sparse,30,900,1387,dijkstra_time,close,9_17,12_20,6,64,7,6.0,0.22317944751959423,7,1
sparse,30,900,1387,dijkstra_time,close,28_18,26_18,2,21,4,3.4139999999999997,0.14216957364149907,7,1
sparse,30,900,1387,dijkstra_time,close,1_15,3_15,2,12,5,4.0,0.13296245945412047,7,1
sparse,30,900,1387,bidi_distance,close,17_7,19_4,5,24,8,7.0,0.2788343576528599,7,1
sparse,30,900,1387,bidi_distance,close,11_6,12_6,1,1,2,1.0,0.0350851635405028,7,1
sparse,30,900,1387,bidi_distance,close,24_28,22_29,3,4,4,3.0,0.11516003417506909,7,1
sparse,30,900,1387,bidi_distance,close,10_14,10_15,1,1,2,1.0,0.033504129902848366,7,1
sparse,30,900,1387,bidi_distance,close,16_10,15_9,2,2,3,2.0,0.08761397954795877,7,1
sparse,30,900,1387,bidi_distance,close,5_26,2_23,6,21,7,6.0,0.24484991675747475,7,1
sparse,30,900,1387,bidi_distance,close,24_13,26_13,2,8,5,4.0,0.16276302696362152,7,1
sparse,30,900,1387,bidi_distance,close,5_14,6_16,3,4,4,3.0,0.10742123562690858,7,1
sparse,30,900,1387,bidi_distance,close,9_10,7_12,4,8,5,4.0,0.1558015273155791,7,1
sparse,30,900,1387,bidi_distance,close,25_21,26_19,3,5,4,3.0,0.11891244473287689,7,1
sparse,30,900,1387,bidi_distance,close,14_6,13_7,2,2,3,2.0,0.07962672828296635,7,1
sparse,30,900,1387,bidi_distance,close,13_26,16_24,5,17,6,5.0,0.21352427515803185,7,1
sparse,30,900,1387,bidi_distance,close,23_24,26_21,6,22,7,6.0,0.2493712342006179,7,1
sparse,30,900,1387,bidi_distance,close,15_29,16_29,1,1,2,1.0,0.045568001845381706,7,1
sparse,30,900,1387,bidi_distance,close,17_21,15_18,5,16,6,5.0,0.19942310519556597,7,1
sparse,30,900,1387,bidi_distance,close,20_7,18_8,3,5,4,3.0,0.12088840131147144,7,1
sparse,30,900,1387,bidi_distance,close,14_9,17_10,4,9,5,4.0,0.15692574334086742,7,1
sparse,30,900,1387,bidi_distance,close,9_17,12_20,6,22,7,6.0,0.22317944751959423,7,1
sparse,30,900,1387,bidi_distance,close,28_18,26_18,2,8,4,3.4139999999999997,0.14216957364149907,7,1
sparse,30,900,1387,bidi_distance,close,1_15,3_15,2,8,5,4.0,0.13296245945412047,7,1
sparse,30,900,1387,dijkstra_distance,far,26_4,3_25,44,857,44,43.414,1.6649205475085658,7,1
sparse,30,900,1387,dijkstra_distance,far,29_18,3_5,39,844,39,38.414,1.499292861301044,7,1
sparse,30,900,1387,dijkstra_distance,far,26_7,13_27,33,760,33,32.414,1.257860608175286,7,1
sparse,30,900,1387,dijkstra_distance,far,8_27,14_0,33,789,36,35.0,1.338356783259179,7,1
sparse,30,900,1387,dijkstra_distance,far,19_2,0_20,37,838,37,36.414,1.3404962506726117,7,1
sparse,30,900,1387,dijkstra_distance,far,25_28,7_3,43,831,44,43.0,1.6097206695869186,7,1
sparse,30,900,1387,dijkstra_distance,far,9_14,29_26,32,876,33,32.0,1.2391508741859434,7,1
sparse,30,900,1387,dijkstra_distance,far,21_28,18_0,31,711,34,33.0,1.2743140367917365,7,1
sparse,30,900,1387,dijkstra_distance,far,22_21,5_5,33,826,33,32.414,1.2241193150886138,7,1
sparse,30,900,1387,dijkstra_distance,far,9_6,22_25,32,818,33,32.0,1.2185648275407421,7,1
sparse,30,900,1387,dijkstra_distance,far,7_25,15_0,33,786,34,33.0,1.30551384934651,7,1
sparse,30,900,1387,dijkstra_distance,far,0_26,22_15,33,622,34,33.0,1.286603316397922,7,1
sparse,30,900,1387,dijkstra_distance,far,28_21,0_1,48,886,47,46.828,1.699621312526349,7,1
sparse,30,900,1387,dijkstra_distance,far,16_9,0_25,32,872,33,32.0,1.256021212595354,7,1
sparse,30,900,1387,dijkstra_distance,far,19_22,0_2,39,883,38,37.828,1.421273084067641,7,1
sparse,30,900,1387,dijkstra_distance,far,5_9,25_27,38,863,38,37.414,1.3835294151365272,7,1
sparse,30,900,1387,dijkstra_distance,far,6_15,26_1,34,873,35,34.0,1.3105147782429147,7,1
sparse,30,900,1387,dijkstra_distance,far,27_14,5_0,36,847,37,36.0,1.3960133282065468,7,1
sparse,30,900,1387,dijkstra_distance,far,24_18,6_0,36,868,37,36.0,1.3818790465841309,7,1
sparse,30,900,1387,dijkstra_distance,far,3_2,15_26,36,720,36,35.414,1.3644600454685227,7,1
sparse,30,900,1387,dijkstra_time,far,26_4,3_25,44,859,45,44.0,1.5981598895340623,7,1
sparse,30,900,1387,dijkstra_time,far,29_18,3_5,39,841,39,38.414,1.402045412575882,7,1
sparse,30,900,1387,dijkstra_time,far,26_7,13_27,33,760,34,33.0,1.2276157098404872,7,1
sparse,30,900,1387,dijkstra_time,far,8_27,14_0,33,782,36,35.0,1.2859295462470413,7,1
sparse,30,900,1387,dijkstra_time,far,19_2,0_20,37,832,38,37.0,1.3287955591974467,7,1
sparse,30,900,1387,dijkstra_time,far,25_28,7_3,43,851,44,43.0,1.526092908139138,7,1
sparse,30,900,1387,dijkstra_time,far,9_14,29_26,32,872,33,32.0,1.1658729916123522,7,1
sparse,30,900,1387,dijkstra_time,far,21_28,18_0,31,747,34,33.0,1.2293387784645449,7,1
sparse,30,900,1387,dijkstra_time,far,22_21,5_5,33,828,33,32.414,1.1880946473265597,7,1
sparse,30,900,1387,dijkstra_time,far,9_6,22_25,32,806,33,32.0,1.1667622844448633,7,1
sparse,30,900,1387,dijkstra_time,far,7_25,15_0,33,800,34,33.0,1.255255433700146,7,1
sparse,30,900,1387,dijkstra_time,far,0_26,22_15,33,626,34,33.0,1.2336511278752065,7,1
sparse,30,900,1387,dijkstra_time,far,28_21,0_1,48,886,47,46.828,1.6672153398971445,7,1
sparse,30,900,1387,dijkstra_time,far,16_9,0_25,32,872,33,32.0,1.1674785663138767,7,1
sparse,30,900,1387,dijkstra_time,far,19_22,0_2,39,882,38,37.828,1.3603424085160414,7,1
sparse,30,900,1387,dijkstra_time,far,5_9,25_27,38,868,38,37.414,1.3674648340773496,7,1
sparse,30,900,1387,dijkstra_time,far,6_15,26_1,34,874,35,34.0,1.2706910407882421,7,1
sparse,30,900,1387,dijkstra_time,far,27_14,5_0,36,826,37,36.0,1.295353435338654,7,1
sparse,30,900,1387,dijkstra_time,far,24_18,6_0,36,862,37,36.0,1.3021742759644364,7,1
sparse,30,900,1387,dijkstra_time,far,3_2,15_26,36,715,30,39.40175425099138,1.2588800015346406,7,1
sparse,30,900,1387,bidi_distance,far,26_4,3_25,44,704,44,43.414,1.6617741462506537,7,1
sparse,30,900,1387,bidi_distance,far,29_18,3_5,39,662,39,38.414,1.4632019138004693,7,1
sparse,30,900,1387,bidi_distance,far,26_7,13_27,33,549,33,32.414,1.253740023407149,7,1
sparse,30,900,1387,bidi_distance,far,8_27,14_0,33,586,36,35.0,1.3300583791208545,7,1
sparse,30,900,1387,bidi_distance,far,19_2,0_20,37,622,37,36.414,1.3899140216237962,7,1
sparse,30,900,1387,bidi_distance,far,25_28,7_3,43,725,44,43.0,1.5854070675780336,7,1
sparse,30,900,1387,bidi_distance,far,9_14,29_26,32,549,33,32.0,1.222107602878694,7,1
sparse,30,900,1387,bidi_distance,far,21_28,18_0,31,480,34,33.0,1.290580724093851,7,1
sparse,30,900,1387,bidi_distance,far,22_21,5_5,33,653,33,32.414,1.2380163774321165,7,1
sparse,30,900,1387,bidi_distance,far,9_6,22_25,32,580,33,32.0,1.2220765637125628,7,1
sparse,30,900,1387,bidi_distance,far,7_25,15_0,33,526,34,33.0,1.3070593887764588,7,1
sparse,30,900,1387,bidi_distance,far,0_26,22_15,33,535,34,33.0,1.2942856462106527,7,1
sparse,30,900,1387,bidi_distance,far,28_21,0_1,48,745,47,46.828,1.7835721718891984,7,1
sparse,30,900,1387,bidi_distance,far,16_9,0_25,32,562,33,32.0,1.26366249009898,7,1
sparse,30,900,1387,bidi_distance,far,19_22,0_2,39,657,38,37.828,1.4470442634125358,7,1
sparse,30,900,1387,bidi_distance,far,5_9,25_27,38,684,38,37.414,1.3770539216038729,7,1
sparse,30,900,1387,bidi_distance,far,6_15,26_1,34,601,35,34.0,1.3252931873426024,7,1
sparse,30,900,1387,bidi_distance,far,27_14,5_0,36,568,37,36.0,1.346923863638745,7,1
sparse,30,900,1387,bidi_distance,far,24_18,6_0,36,651,37,36.0,1.4045845287969363,7,1
sparse,30,900,1387,bidi_distance,far,3_2,15_26,36,623,36,35.414,1.3406944758383774,7,1
dense,30,900,2155,dijkstra_distance,close,21_5,18_4,4,33,5,4.0,0.1468766414919047,7,1
dense,30,900,2155,dijkstra_distance,close,3_0,5_2,4,19,5,4.0,0.15970971750960208,7,1
dense,30,900,2155,dijkstra_distance,close,23_11,21_13,4,34,5,4.0,0.16805911699997172,7,1
dense,30,900,2155,dijkstra_distance,close,8_25,6_24,3,25,4,3.0,0.11912274529503586,7,1
dense,30,900,2155,dijkstra_distance,close,10_23,12_24,3,18,4,3.0,0.10126644809189425,7,1
dense,30,900,2155,dijkstra_distance,close,18_23,19_26,4,37,5,4.0,0.157366527167336,7,1
dense,30,900,2155,dijkstra_distance,close,20_4,23_5,4,33,5,4.0,0.15683976794955018,7,1
dense,30,900,2155,dijkstra_distance,close,2_6,0_6,2,8,3,2.0,0.07302286376254616,7,1
dense,30,900,2155,dijkstra_distance,close,28_5,29_3,3,13,4,3.0,0.12310888947646118,7,1
dense,30,900,2155,dijkstra_distance,close,21_26,23_28,4,39,5,4.0,0.17288845677445913,7,1
dense,30,900,2155,dijkstra_distance,close,19_3,21_1,4,60,6,5.414,0.2338361477462551,7,1
dense,30,900,2155,dijkstra_distance,close,26_4,27_3,2,12,3,2.0,0.08195523438701366,7,1
dense,30,900,2155,dijkstra_distance,close,24_18,21_19,4,31,5,4.0,0.16478990712627917,7,1
dense,30,900,2155,dijkstra_distance,close,25_27,27_26,3,20,4,3.0,0.11964050004827834,7,1
dense,30,900,2155,dijkstra_distance,close,3_2,2_0,3,14,3,2.4139999999999997,0.08851212671588042,7,1
dense,30,900,2155,dijkstra_distance,close,9_25,11_23,4,29,4,3.4139999999999997,0.12456003520918202,7,1
dense,30,900,2155,dijkstra_distance,close,7_8,7_5,3,21,4,3.0,0.11935248945605403,7,1
dense,30,900,2155,dijkstra_distance,close,11_9,8_8,4,26,4,3.4139999999999997,0.14409002922113548,7,1
dense,30,900,2155,dijkstra_distance,close,7_29,6_27,3,9,3,2.4139999999999997,0.08978053953567716,7,1
dense,30,900,2155,dijkstra_distance,close,17_19,14_18,4,40,5,4.0,0.16430635489306014,7,1
dense,30,900,2155,dijkstra_time,close,21_5,18_4,4,25,5,4.0,0.13488740740390814,7,1
dense,30,900,2155,dijkstra_time,close,3_0,5_2,4,19,5,4.0,0.15161909918609423,7,1
dense,30,900,2155,dijkstra_time,close,23_11,21_13,4,37,5,4.0,0.15111737302192357,7,1
dense,30,900,2155,dijkstra_time,close,8_25,6_24,3,15,4,3.0,0.10845504256845429,7,1
dense,30,900,2155,dijkstra_time,close,10_23,12_24,3,16,4,3.0,0.10126644809189425,7,1
dense,30,900,2155,dijkstra_time,close,18_23,19_26,4,37,5,4.0,0.1551039349969823,7,1
dense,30,900,2155,dijkstra_time,close,20_4,23_5,4,27,5,4.0,0.1452819418665664,7,1
dense,30,900,2155,dijkstra_time,close,2_6,0_6,2,9,3,2.0,0.07302286376254616,7,1
dense,30,900,2155,dijkstra_time,close,28_5,29_3,3,14,4,3.0,0.11428358344442313,7,1
dense,30,900,2155,dijkstra_time,close,21_26,23_28,4,36,5,4.0,0.1609985815685575,7,1
dense,30,900,2155,dijkstra_time,close,19_3,21_1,4,60,6,5.414,0.21182168732416085,7,1
dense,30,900,2155,dijkstra_time,close,26_4,27_3,2,8,3,2.0,0.07489475604470752,7,1
dense,30,900,2155,dijkstra_time,close,24_18,21_19,4,30,5,4.0,0.1458281782710633,7,1
dense,30,900,2155,dijkstra_time,close,25_27,27_26,3,19,4,3.0,0.11964050004827834,7,1
dense,30,900,2155,dijkstra_time,close,3_2,2_0,3,14,3,2.4139999999999997,0.08851212671588042,7,1
dense,30,900,2155,dijkstra_time,close,9_25,11_23,4,25,4,3.4139999999999997,0.12456003520918202,7,1
dense,30,900,2155,dijkstra_time,close,7_8,7_5,3,26,4,3.0,0.11935248945605403,7,1
dense,30,900,2155,dijkstra_time,close,11_9,8_8,4,27,4,3.4139999999999997,0.14409002922113548,7,1
dense,30,900,2155,dijkstra_time,close,7_29,6_27,3,10,3,2.4139999999999997,0.08978053953567716,7,1
dense,30,900,2155,dijkstra_time,close,17_19,14_18,4,40,5,4.0,0.15719271075921443,7,1
dense,30,900,2155,bidi_distance,close,21_5,18_4,4,12,5,4.0,0.13674422331659133,7,1
dense,30,900,2155,bidi_distance,close,3_0,5_2,4,10,5,4.0,0.1549973577157423,7,1
dense,30,900,2155,bidi_distance,close,23_11,21_13,4,12,5,4.0,0.17724131379636354,7,1
dense,30,900,2155,bidi_distance,close,8_25,6_24,3,6,4,3.0,0.11912274529503586,7,1
dense,30,900,2155,bidi_distance,close,10_23,12_24,3,10,4,3.0,0.11733724348866748,7,1
dense,30,900,2155,bidi_distance,close,18_23,19_26,4,11,5,4.0,0.157366527167336,7,1
dense,30,900,2155,bidi_distance,close,20_4,23_5,4,10,5,4.0,0.1452819418665664,7,1
dense,30,900,2155,bidi_distance,close,2_6,0_6,2,2,3,2.0,0.07302286376254616,7,1
dense,30,900,2155,bidi_distance,close,28_5,29_3,3,6,4,3.0,0.11428358344442313,7,1
dense,30,900,2155,bidi_distance,close,21_26,23_28,4,11,5,4.0,0.17650357819796728,7,1
dense,30,900,2155,bidi_distance,close,19_3,21_1,4,21,6,5.414,0.2338361477462551,7,1
dense,30,900,2155,bidi_distance,close,26_4,27_3,2,2,3,2.0,0.07489475604470752,7,1
dense,30,900,2155,bidi_distance,close,24_18,21_19,4,12,5,4.0,0.16478990712627917,7,1
dense,30,900,2155,bidi_distance,close,25_27,27_26,3,5,4,3.0,0.12554335196874103,7,1
dense,30,900,2155,bidi_distance,close,3_2,2_0,3,6,3,2.4139999999999997,0.08851212671588042,7,1
dense,30,900,2155,bidi_distance,close,9_25,11_23,4,10,4,3.4139999999999997,0.12456003520918202,7,1
dense,30,900,2155,bidi_distance,close,7_8,7_5,3,12,4,3.0,0.11935248945605403,7,1
dense,30,900,2155,bidi_distance,close,11_9,8_8,4,10,4,3.4139999999999997,0.14409002922113548,7,1
dense,30,900,2155,bidi_distance,close,7_29,6_27,3,4,3,2.4139999999999997,0.08978053953567716,7,1
dense,30,900,2155,bidi_distance,close,17_19,14_18,4,10,5,4.0,0.15719271075921443,7,1
dense,30,900,2155,dijkstra_distance,far,28_0,3_23,48,840,10,36.03094101747089,0.8526675999385172,7,1
dense,30,900,2155,dijkstra_distance,far,20_28,29_7,30,710,25,26.484,1.0917958773499834,7,1
dense,30,900,2155,dijkstra_distance,far,5_29,22_12,34,643,14,27.040670403551896,0.7988018483566388,7,1
dense,30,900,2155,dijkstra_distance,far,0_25,21_14,32,534,13,25.626670403551895,0.7230594353257931,7,1
dense,30,900,2155,dijkstra_distance,far,22_1,3_17,35,761,12,28.853088914585776,0.7961359847877932,7,1
dense,30,900,2155,dijkstra_distance,far,28_28,9_1,46,820,9,34.4325121722126,0.7772429974797314,7,1
dense,30,900,2155,dijkstra_distance,far,25_6,5_23,37,827,16,29.454670403551894,0.8922598423661354,7,1
dense,30,900,2155,dijkstra_distance,far,0_1,28_14,41,781,15,33.06338406167134,0.9091711355175991,7,1
dense,30,900,2155,dijkstra_distance,far,3_0,19_27,43,824,19,34.4673883008419,1.0662426168183192,7,1
dense,30,900,2155,dijkstra_distance,far,28_16,9_27,30,679,11,25.0068230602334,0.668265343311198,7,1
dense,30,900,2155,dijkstra_distance,far,28_12,3_18,31,748,9,26.830487838947597,0.6642742882903415,7,1
dense,30,900,2155,dijkstra_distance,far,11_4,22_24,31,782,6,25.470910553583888,0.5907965196959227,7,1
dense,30,900,2155,dijkstra_distance,far,25_19,5_3,36,836,14,28.639388300841897,0.8403385428194233,7,1
dense,30,900,2155,dijkstra_distance,far,24_2,5_28,45,869,7,34.62016373302047,0.7395200864175309,7,1
dense,30,900,2155,dijkstra_distance,far,1_6,15_26,34,677,11,26.618650534085255,0.7195290589146431,7,1
dense,30,900,2155,dijkstra_distance,far,2_24,29_20,31,778,29,29.241999999999997,1.1048676924212404,7,1
dense,30,900,2155,dijkstra_distance,far,10_4,21_26,33,811,7,26.88491055358389,0.6501421636682394,7,1
dense,30,900,2155,dijkstra_distance,far,26_13,9_0,30,737,11,24.694068747318507,0.6810160823652888,7,1
dense,30,900,2155,dijkstra_distance,far,0_28,16_12,32,452,12,25.414,0.6801444090523588,7,1
dense,30,900,2155,dijkstra_distance,far,4_27,23_3,43,853,16,34.2444878389476,0.9323415326863684,7,1
dense,30,900,2155,dijkstra_time,far,28_0,3_23,48,631,6,36.64965543462902,0.7852694468308712,7,1
dense,30,900,2155,dijkstra_time,far,20_28,29_7,30,880,15,30.945242768623693,0.8369255596830829,7,1
dense,30,900,2155,dijkstra_time,far,5_29,22_12,34,576,7,28.217508501982756,0.6636114522234198,7,1
dense,30,900,2155,dijkstra_time,far,0_25,21_14,32,416,8,28.80350850198276,0.6672384909142166,7,1
dense,30,900,2155,dijkstra_time,far,22_1,3_17,35,748,7,32.73524809414742,0.7247824219731105,7,1
dense,30,900,2155,dijkstra_time,far,28_28,9_1,46,788,9,34.4325121722126,0.7772429974797314,7,1
dense,30,900,2155,dijkstra_time,far,25_6,5_23,37,825,10,31.261319317591727,0.760606825803834,7,1
dense,30,900,2155,dijkstra_time,far,0_1,28_14,41,823,11,33.869630560342614,0.8549209581018689,7,1
dense,30,900,2155,dijkstra_time,far,3_0,19_27,43,822,10,34.490809620810595,0.8537504222950876,7,1
dense,30,900,2155,dijkstra_time,far,28_16,9_27,30,695,7,26.095023109728988,0.640871617904138,7,1
dense,30,900,2155,dijkstra_time,far,28_12,3_18,31,674,6,27.95120459187964,0.6477625833942054,7,1
dense,30,900,2155,dijkstra_time,far,11_4,22_24,31,698,6,25.470910553583888,0.5900797240004122,7,1
dense,30,900,2155,dijkstra_time,far,25_19,5_3,36,846,11,32.88929444846027,0.7775059357491333,7,1
dense,30,900,2155,dijkstra_time,far,24_2,5_28,45,781,7,34.62016373302047,0.7395200864175309,7,1
dense,30,900,2155,dijkstra_time,far,1_6,15_26,34,671,11,26.618650534085255,0.7014278849963307,7,1
dense,30,900,2155,dijkstra_time,far,2_24,29_20,31,766,9,33.570660511172846,0.7307526458264697,7,1
dense,30,900,2155,dijkstra_time,far,10_4,21_26,33,791,7,26.88491055358389,0.6501421636682394,7,1
dense,30,900,2155,dijkstra_time,far,26_13,9_0,30,736,9,26.649384061671345,0.6491044562044841,7,1
dense,30,900,2155,dijkstra_time,far,0_28,16_12,32,450,12,25.414,0.6666729039333743,7,1
dense,30,900,2155,dijkstra_time,far,4_27,23_3,43,856,9,36.62016373302047,0.8338669758356765,7,1
dense,30,900,2155,bidi_distance,far,28_0,3_23,48,613,10,36.03094101747089,0.8526675999385172,7,1
dense,30,900,2155,bidi_distance,far,20_28,29_7,30,417,25,26.483999999999998,1.0917958773499834,7,1
dense,30,900,2155,bidi_distance,far,5_29,22_12,34,534,14,27.040670403551893,0.7988018483566388,7,1
dense,30,900,2155,bidi_distance,far,0_25,21_14,32,506,13,25.626670403551895,0.7230594353257931,7,1
dense,30,900,2155,bidi_distance,far,22_1,3_17,35,580,12,28.853088914585776,0.7752426638520848,7,1
dense,30,900,2155,bidi_distance,far,28_28,9_1,46,583,9,34.43251217221259,0.7772429974797314,7,1
dense,30,900,2155,bidi_distance,far,25_6,5_23,37,616,16,29.454670403551894,0.8922598423661354,7,1
dense,30,900,2155,bidi_distance,far,0_1,28_14,41,557,15,33.06338406167134,0.9091711355175991,7,1
dense,30,900,2155,bidi_distance,far,3_0,19_27,43,607,19,34.4673883008419,1.069338565836899,7,1
dense,30,900,2155,bidi_distance,far,28_16,9_27,30,441,11,25.006823060233398,0.668265343311198,7,1
dense,30,900,2155,bidi_distance,far,28_12,3_18,31,553,9,26.830487838947597,0.6642742882903415,7,1
dense,30,900,2155,bidi_distance,far,11_4,22_24,31,557,6,25.470910553583888,0.5907965196959227,7,1
dense,30,900,2155,bidi_distance,far,25_19,5_3,36,580,14,28.639388300841894,0.8403385428194233,7,1
dense,30,900,2155,bidi_distance,far,24_2,5_28,45,618,7,34.62016373302047,0.7395200864175309,7,1
dense,30,900,2155,bidi_distance,far,1_6,15_26,34,501,11,26.618650534085255,0.7148750942781571,7,1
dense,30,900,2155,bidi_distance,far,2_24,29_20,31,492,29,29.241999999999997,1.1048676924212404,7,1
dense,30,900,2155,bidi_distance,far,10_4,21_26,33,577,7,26.88491055358389,0.6501421636682394,7,1
dense,30,900,2155,bidi_distance,far,26_13,9_0,30,438,11,24.694068747318504,0.6702909186323749,7,1
dense,30,900,2155,bidi_distance,far,0_28,16_12,32,483,12,25.414,0.6801444090523588,7,1
dense,30,900,2155,bidi_distance,far,4_27,23_3,43,641,16,34.2444878389476,0.9249502654581054,7,1
sparse,50,2500,3931,dijkstra_distance,close,26_28,29_28,3,36,6,5.0,0.20769574595483728,12,1
sparse,50,2500,3931,dijkstra_distance,close,5_47,9_43,8,153,13,12.0,0.4891873108744702,12,1
sparse,50,2500,3931,dijkstra_distance,close,38_9,36_10,3,24,4,3.0,0.1164084401654363,12,1
sparse,50,2500,3931,dijkstra_distance,close,4_12,9_10,7,79,8,7.0,0.30051930769818924,12,1
sparse,50,2500,3931,dijkstra_distance,close,46_7,40_10,9,109,10,9.0,0.35329091596597023,12,1
sparse,50,2500,3931,dijkstra_distance,close,2_11,1_17,7,71,8,7.0,0.2588062627129563,12,1
sparse,50,2500,3931,dijkstra_distance,close,24_27,26_30,5,79,8,7.0,0.2873498750150223,12,1
sparse,50,2500,3931,dijkstra_distance,close,9_13,15_7,12,254,13,12.0,0.47799424972594806,12,1
sparse,50,2500,3931,dijkstra_distance,close,43_43,48_38,10,139,11,10.0,0.40007000465877757,12,1
sparse,50,2500,3931,dijkstra_distance,close,26_16,28_21,7,121,10,9.0,0.383813117121881,12,1
sparse,50,2500,3931,dijkstra_distance,close,2_49,3_44,6,31,9,8.0,0.32865978073498214,12,1
sparse,50,2500,3931,dijkstra_distance,close,11_4,5_6,8,108,9,8.0,0.33001431859139174,12,1
sparse,50,2500,3931,dijkstra_distance,close,45_43,45_38,5,94,9,8.414,0.3344707406604049,12,1
sparse,50,2500,3931,dijkstra_distance,close,6_16,0_17,7,85,8,7.0,0.292966742038688,12,1
sparse,50,2500,3931,dijkstra_distance,close,26_7,32_7,6,117,11,10.0,0.4063128215799794,12,1
sparse,50,2500,3931,dijkstra_distance,close,43_16,47_15,5,45,6,5.0,0.2004834222547529,12,1
sparse,50,2500,3931,dijkstra_distance,close,26_42,21_39,8,103,9,8.0,0.32823967962946826,12,1
sparse,50,2500,3931,dijkstra_distance,close,41_28,43_32,6,58,7,6.0,0.2237283895528842,12,1
sparse,50,2500,3931,dijkstra_distance,close,47_25,42_25,5,66,8,7.0,0.2780472775566004,12,1
sparse,50,2500,3931,dijkstra_distance,close,15_8,11_5,7,111,10,9.0,0.354880780071553,12,1
sparse,50,2500,3931,dijkstra_time,close,26_28,29_28,3,40,6,5.0,0.20769574595483728,12,1
sparse,50,2500,3931,dijkstra_time,close,5_47,9_43,8,137,13,12.0,0.4409003482183427,12,1
sparse,50,2500,3931,dijkstra_time,close,38_9,36_10,3,23,4,3.0,0.1164084401654363,12,1
sparse,50,2500,3931,dijkstra_time,close,4_12,9_10,7,85,8,7.0,0.27701134444256476,12,1
sparse,50,2500,3931,dijkstra_time,close,46_7,40_10,9,115,10,9.0,0.33919720878972204,12,1
sparse,50,2500,3931,dijkstra_time,close,2_11,1_17,7,69,8,7.0,0.2588062627129563,12,1
sparse,50,2500,3931,dijkstra_time,close,24_27,26_30,5,82,8,7.0,0.285287935768489,12,1
sparse,50,2500,3931,dijkstra_time,close,9_13,15_7,12,241,13,12.0,0.46674351221080246,12,1
sparse,50,2500,3931,dijkstra_time,close,43_43,48_38,10,156,11,10.0,0.40007000465877757,12,1
sparse,50,2500,3931,dijkstra_time,close,26_16,28_21,7,123,10,9.0,0.3580277053111734,12,1
sparse,50,2500,3931,dijkstra_time,close,2_49,3_44,6,35,9,8.0,0.32865978073498214,12,1
sparse,50,2500,3931,dijkstra_time,close,11_4,5_6,8,104,9,8.0,0.31662417099542933,12,1
sparse,50,2500,3931,dijkstra_time,close,45_43,45_38,5,93,9,8.414,0.3344707406604049,12,1
sparse,50,2500,3931,dijkstra_time,close,6_16,0_17,7,84,8,7.0,0.2761975964126036,12,1
sparse,50,2500,3931,dijkstra_time,close,26_7,32_7,6,137,11,10.0,0.4063128215799794,12,1
sparse,50,2500,3931,dijkstra_time,close,43_16,47_15,5,50,6,5.0,0.2004834222547529,12,1
sparse,50,2500,3931,dijkstra_time,close,26_42,21_39,8,102,9,8.0,0.30025408164600265,12,1
sparse,50,2500,3931,dijkstra_time,close,41_28,43_32,6,50,7,6.0,0.22184008159946916,12,1
sparse,50,2500,3931,dijkstra_time,close,47_25,42_25,5,64,8,7.0,0.27469393607613257,12,1
sparse,50,2500,3931,dijkstra_time,close,15_8,11_5,7,102,10,9.0,0.33994873779985146,12,1
sparse,50,2500,3931,bidi_distance,close,26_28,29_28,3,10,6,5.0,0.2242420788392657,12,1
sparse,50,2500,3931,bidi_distance,close,5_47,9_43,8,69,13,12.0,0.4613949384505942,12,1
sparse,50,2500,3931,bidi_distance,close,38_9,36_10,3,6,4,3.0,0.1164084401654363,12,1
sparse,50,2500,3931,bidi_distance,close,4_12,9_10,7,30,8,7.0,0.30051930769818924,12,1
sparse,50,2500,3931,bidi_distance,close,46_7,40_10,9,54,10,9.0,0.3574983972881922,12,1
sparse,50,2500,3931,bidi_distance,close,2_11,1_17,7,35,8,7.0,0.2588062627129563,12,1
sparse,50,2500,3931,bidi_distance,close,24_27,26_30,5,37,8,7.0,0.2873498750150223,12,1
sparse,50,2500,3931,bidi_distance,close,9_13,15_7,12,95,13,12.0,0.48404043994261103,12,1
sparse,50,2500,3931,bidi_distance,close,43_43,48_38,10,54,11,10.0,0.4149908044206228,12,1
sparse,50,2500,3931,bidi_distance,close,26_16,28_21,7,40,10,9.0,0.38560499127810344,12,1
sparse,50,2500,3931,bidi_distance,close,2_49,3_44,6,24,9,8.0,0.33284491791583565,12,1
sparse,50,2500,3931,bidi_distance,close,11_4,5_6,8,45,9,8.0,0.33001431859139174,12,1
sparse,50,2500,3931,bidi_distance,close,45_43,45_38,5,45,9,8.414,0.3344707406604049,12,1
sparse,50,2500,3931,bidi_distance,close,6_16,0_17,7,31,8,7.0,0.2761975964126036,12,1
sparse,50,2500,3931,bidi_distance,close,26_7,32_7,6,54,11,10.0,0.4063128215799794,12,1
sparse,50,2500,3931,bidi_distance,close,43_16,47_15,5,16,6,5.0,0.21149511848050456,12,1
sparse,50,2500,3931,bidi_distance,close,26_42,21_39,8,42,9,8.0,0.32823967962946826,12,1
sparse,50,2500,3931,bidi_distance,close,41_28,43_32,6,15,7,6.0,0.2360635288581414,12,1
sparse,50,2500,3931,bidi_distance,close,47_25,42_25,5,24,8,7.0,0.2780472775566004,12,1
sparse,50,2500,3931,bidi_distance,close,15_8,11_5,7,53,10,9.0,0.354880780071553,12,1
sparse,50,2500,3931,dijkstra_distance,far,21_4,45_39,59,2331,60,59.0,2.1366519355960585,12,1
sparse,50,2500,3931,dijkstra_distance,far,24_1,7_43,59,2198,58,57.828,2.1354527293233465,12,1
sparse,50,2500,3931,dijkstra_distance,far,28_32,3_5,52,2430,52,51.414,1.97543520774571,12,1
sparse,50,2500,3931,dijkstra_distance,far,41_31,6_15,51,2175,51,50.414,1.8480198996178017,12,1
sparse,50,2500,3931,dijkstra_distance,far,48_47,4_31,60,1827,60,59.414,2.1798344832268226,12,1
sparse,50,2500,3931,dijkstra_distance,far,5_37,49_28,53,2141,56,55.0,2.029165823918538,12,1
sparse,50,2500,3931,dijkstra_distance,far,48_6,9_49,82,2433,46,73.73213749463702,2.197769694842732,12,1
sparse,50,2500,3931,dijkstra_distance,far,2_22,39_38,53,2030,53,52.414,1.9888000686581198,12,1
sparse,50,2500,3931,dijkstra_distance,far,3_2,41_35,71,2224,71,70.414,2.4965907015592896,12,1
sparse,50,2500,3931,dijkstra_distance,far,45_2,6_24,61,1589,16,50.235341863986875,1.2657477915515116,12,1
sparse,50,2500,3931,dijkstra_distance,far,42_5,7_44,74,2421,38,65.73213749463702,1.9278935447837722,12,1
sparse,50,2500,3931,dijkstra_distance,far,18_9,38_39,50,2259,53,52.0,1.9342758939444669,12,1
sparse,50,2500,3931,dijkstra_distance,far,10_38,44_19,53,2156,53,52.414,1.9992140451511384,12,1
sparse,50,2500,3931,dijkstra_distance,far,15_39,33_5,52,2274,52,51.414,1.9171661646332565,12,1
sparse,50,2500,3931,dijkstra_distance,far,48_5,25_40,58,1999,58,57.414,2.105062954516661,12,1
sparse,50,2500,3931,dijkstra_distance,far,1_9,43_22,55,2016,60,59.0,2.0975968085104952,12,1
sparse,50,2500,3931,dijkstra_distance,far,43_9,1_37,70,2374,39,67.14613749463702,1.965962370270502,12,1
sparse,50,2500,3931,dijkstra_distance,far,5_3,18_48,58,1928,59,58.0,2.1517797878959404,12,1
sparse,50,2500,3931,dijkstra_distance,far,6_14,46_35,61,2337,62,61.0,2.1609566784481995,12,1
sparse,50,2500,3931,dijkstra_distance,far,43_25,4_2,62,2415,64,63.414,2.28024991892786,12,1
sparse,50,2500,3931,dijkstra_time,far,21_4,45_39,59,2302,60,59.0,2.0583662752809726,12,1
sparse,50,2500,3931,dijkstra_time,far,24_1,7_43,59,2274,59,58.414,2.113401030066858,12,1
sparse,50,2500,3931,dijkstra_time,far,28_32,3_5,52,2436,53,52.0,1.8178339633059628,12,1
sparse,50,2500,3931,dijkstra_time,far,41_31,6_15,51,2132,52,51.0,1.7565826357612815,12,1
sparse,50,2500,3931,dijkstra_time,far,48_47,4_31,60,1877,61,60.0,2.125834740884612,12,1
sparse,50,2500,3931,dijkstra_time,far,5_37,49_28,53,2359,56,55.0,1.9887792046744655,12,1
sparse,50,2500,3931,dijkstra_time,far,48_6,9_49,82,2432,46,73.73213749463702,2.139517117679274,12,1
sparse,50,2500,3931,dijkstra_time,far,2_22,39_38,53,2155,53,52.414,1.8807984771463946,12,1
sparse,50,2500,3931,dijkstra_time,far,3_2,41_35,71,2227,72,71.0,2.3616750299970426,12,1
sparse,50,2500,3931,dijkstra_time,far,45_2,6_24,61,988,16,50.235341863986875,1.2516228963229694,12,1
sparse,50,2500,3931,dijkstra_time,far,42_5,7_44,74,2340,38,65.73213749463702,1.8557912184964158,12,1
sparse,50,2500,3931,dijkstra_time,far,18_9,38_39,50,2221,53,52.0,1.8144133470386632,12,1
sparse,50,2500,3931,dijkstra_time,far,10_38,44_19,53,2387,54,53.0,1.8718741692298582,12,1
sparse,50,2500,3931,dijkstra_time,far,15_39,33_5,52,1859,26,53.732137494637016,1.4958578178574322,12,1
sparse,50,2500,3931,dijkstra_time,far,48_5,25_40,58,1802,31,59.14613749463702,1.677718064745492,12,1
sparse,50,2500,3931,dijkstra_time,far,1_9,43_22,55,2022,60,59.0,2.0669059361215503,12,1
sparse,50,2500,3931,dijkstra_time,far,43_9,1_37,70,2370,40,67.73213749463702,1.9275095637038542,12,1
sparse,50,2500,3931,dijkstra_time,far,5_3,18_48,58,1984,59,58.0,2.0764935572928955,12,1
sparse,50,2500,3931,dijkstra_time,far,6_14,46_35,61,2319,62,61.0,2.104390244430931,12,1
sparse,50,2500,3931,dijkstra_time,far,43_25,4_2,62,2426,64,63.414,2.1941019402937516,12,1
sparse,50,2500,3931,bidi_distance,far,21_4,45_39,59,1731,60,59.0,2.139507509739755,12,1
sparse,50,2500,3931,bidi_distance,far,24_1,7_43,59,1508,58,57.828,2.1155454756344385,12,1
sparse,50,2500,3931,bidi_distance,far,28_32,3_5,52,1652,52,51.414,1.9494256847487699,12,1
sparse,50,2500,3931,bidi_distance,far,41_31,6_15,51,1622,51,50.414,1.8231221282488725,12,1
sparse,50,2500,3931,bidi_distance,far,48_47,4_31,60,1456,60,59.414,2.195710289994606,12,1
sparse,50,2500,3931,bidi_distance,far,5_37,49_28,53,1445,56,55.0,2.0354305925364162,12,1
sparse,50,2500,3931,bidi_distance,far,48_6,9_49,82,1734,46,73.73213749463702,2.1927782911192297,12,1
sparse,50,2500,3931,bidi_distance,far,2_22,39_38,53,1528,53,52.414,1.946472054796242,12,1
sparse,50,2500,3931,bidi_distance,far,3_2,41_35,71,2035,71,70.414,2.496268033342606,12,1
sparse,50,2500,3931,bidi_distance,far,45_2,6_24,61,1230,16,50.235341863986875,1.2606536126068435,12,1
sparse,50,2500,3931,bidi_distance,far,42_5,7_44,74,1629,38,65.73213749463702,1.9233075394476906,12,1
sparse,50,2500,3931,bidi_distance,far,18_9,38_39,50,1692,53,52.0,1.9350289947840706,12,1
sparse,50,2500,3931,bidi_distance,far,10_38,44_19,53,1648,53,52.414,1.968254073763526,12,1
sparse,50,2500,3931,bidi_distance,far,15_39,33_5,52,1681,52,51.414,1.9123992398774243,12,1
sparse,50,2500,3931,bidi_distance,far,48_5,25_40,58,1675,58,57.414,2.118966059182703,12,1
sparse,50,2500,3931,bidi_distance,far,1_9,43_22,55,1691,60,59.0,2.1237350936287047,12,1
sparse,50,2500,3931,bidi_distance,far,43_9,1_37,70,1934,39,67.14613749463702,1.9786030880286458,12,1
sparse,50,2500,3931,bidi_distance,far,5_3,18_48,58,1380,59,58.0,2.125298749710765,12,1
sparse,50,2500,3931,bidi_distance,far,6_14,46_35,61,1812,62,61.0,2.169447603288712,12,1
sparse,50,2500,3931,bidi_distance,far,43_25,4_2,62,1658,64,63.414,2.2822824223474756,12,1
dense,50,2500,6046,dijkstra_distance,close,4_35,2_37,4,29,4,3.4139999999999997,0.11931052368277884,12,1
dense,50,2500,6046,dijkstra_distance,close,37_33,34_31,5,46,5,4.414,0.16752458650609686,12,1
dense,50,2500,6046,dijkstra_distance,close,22_23,21_17,7,99,7,6.414,0.2527523680543794,12,1
dense,50,2500,6046,dijkstra_distance,close,39_26,44_23,8,101,7,6.827999999999999,0.2736085984911986,12,1
dense,50,2500,6046,dijkstra_distance,close,9_20,3_19,7,88,7,6.414,0.24906136941484197,12,1
dense,50,2500,6046,dijkstra_distance,close,22_37,23_37,1,3,2,1.0,0.036010103829417967,12,1
dense,50,2500,6046,dijkstra_distance,close,48_26,45_25,4,30,5,4.0,0.16484614396592676,12,1
dense,50,2500,6046,dijkstra_distance,close,46_20,43_23,6,52,5,4.827999999999999,0.20507852799849743,12,1
dense,50,2500,6046,dijkstra_distance,close,25_0,23_2,4,23,5,4.0,0.17015305067023667,12,1
dense,50,2500,6046,dijkstra_distance,close,0_42,5_43,6,44,7,6.0,0.24315465288809135,12,1
dense,50,2500,6046,dijkstra_distance,close,1_31,6_33,7,61,7,6.414,0.27291865209973687,12,1
dense,50,2500,6046,dijkstra_distance,close,24_45,27_47,5,57,6,5.0,0.19572023762428678,12,1
dense,50,2500,6046,dijkstra_distance,close,18_39,16_45,8,136,8,7.414,0.27817775410254636,12,1
dense,50,2500,6046,dijkstra_distance,close,10_2,8_3,3,18,4,3.0,0.11003530237308377,12,1
dense,50,2500,6046,dijkstra_distance,close,30_10,29_16,7,90,7,6.414,0.23458608175792267,12,1
dense,50,2500,6046,dijkstra_distance,close,30_30,28_35,7,113,8,7.0,0.2810980262121934,12,1
dense,50,2500,6046,dijkstra_distance,close,18_29,14_34,9,164,9,8.414,0.3193555942822054,12,1
dense,50,2500,6046,dijkstra_distance,close,30_15,35_19,9,122,7,7.241999999999999,0.3025292049127903,12,1
dense,50,2500,6046,dijkstra_distance,close,38_17,36_20,5,49,5,4.414,0.16469490914314283,12,1
dense,50,2500,6046,dijkstra_distance,close,28_39,28_44,5,54,6,5.0,0.19617052172262428,12,1
dense,50,2500,6046,dijkstra_time,close,4_35,2_37,4,22,4,3.4139999999999997,0.11931052368277884,12,1
dense,50,2500,6046,dijkstra_time,close,37_33,34_31,5,41,5,4.414,0.16276953991828552,12,1
dense,50,2500,6046,dijkstra_time,close,22_23,21_17,7,97,7,6.414,0.2527523680543794,12,1
dense,50,2500,6046,dijkstra_time,close,39_26,44_23,8,111,7,6.827999999999999,0.2736085984911986,12,1
dense,50,2500,6046,dijkstra_time,close,9_20,3_19,7,92,7,6.414,0.24906136941484197,12,1
dense,50,2500,6046,dijkstra_time,close,22_37,23_37,1,3,2,1.0,0.036010103829417967,12,1
dense,50,2500,6046,dijkstra_time,close,48_26,45_25,4,26,5,4.0,0.15431207153088902,12,1
dense,50,2500,6046,dijkstra_time,close,46_20,43_23,6,58,5,4.827999999999999,0.20507852799849743,12,1
dense,50,2500,6046,dijkstra_time,close,25_0,23_2,4,20,5,4.0,0.15254619319796114,12,1
dense,50,2500,6046,dijkstra_time,close,0_42,5_43,6,49,7,6.0,0.24315465288809135,12,1
dense,50,2500,6046,dijkstra_time,close,1_31,6_33,7,72,7,6.414,0.27291865209973687,12,1
dense,50,2500,6046,dijkstra_time,close,24_45,27_47,5,51,6,5.0,0.1869514412896334,12,1
dense,50,2500,6046,dijkstra_time,close,18_39,16_45,8,113,8,7.414,0.26567325245670725,12,1
dense,50,2500,6046,dijkstra_time,close,10_2,8_3,3,17,4,3.0,0.1087923788388836,12,1
dense,50,2500,6046,dijkstra_time,close,30_10,29_16,7,80,7,6.414,0.23458608175792267,12,1
dense,50,2500,6046,dijkstra_time,close,30_30,28_35,7,113,8,7.0,0.26320905599033867,12,1
dense,50,2500,6046,dijkstra_time,close,18_29,14_34,9,156,9,8.414,0.3126756041790825,12,1
dense,50,2500,6046,dijkstra_time,close,30_15,35_19,9,137,7,7.241999999999999,0.28720410819230363,12,1
dense,50,2500,6046,dijkstra_time,close,38_17,36_20,5,42,5,4.414,0.16469490914314283,12,1
dense,50,2500,6046,dijkstra_time,close,28_39,28_44,5,55,6,5.0,0.19617052172262428,12,1
dense,50,2500,6046,bidi_distance,close,4_35,2_37,4,9,4,3.4139999999999997,0.11931052368277884,12,1
dense,50,2500,6046,bidi_distance,close,37_33,34_31,5,18,5,4.414,0.16752458650609686,12,1
dense,50,2500,6046,bidi_distance,close,22_23,21_17,7,42,7,6.414,0.2527523680543794,12,1
dense,50,2500,6046,bidi_distance,close,39_26,44_23,8,49,7,6.827999999999999,0.2736085984911986,12,1
dense,50,2500,6046,bidi_distance,close,9_20,3_19,7,40,7,6.414,0.24906136941484197,12,1
dense,50,2500,6046,bidi_distance,close,22_37,23_37,1,1,2,1.0,0.036010103829417967,12,1
dense,50,2500,6046,bidi_distance,close,48_26,45_25,4,11,5,4.0,0.16484614396592676,12,1
dense,50,2500,6046,bidi_distance,close,46_20,43_23,6,26,5,4.827999999999999,0.21558821661908853,12,1
dense,50,2500,6046,bidi_distance,close,25_0,23_2,4,10,5,4.0,0.15254619319796114,12,1
dense,50,2500,6046,bidi_distance,close,0_42,5_43,6,31,7,6.0,0.25831661272472617,12,1
dense,50,2500,6046,bidi_distance,close,1_31,6_33,7,35,7,6.414,0.2837944175879059,12,1
dense,50,2500,6046,bidi_distance,close,24_45,27_47,5,28,6,5.0,0.18779354258534423,12,1
dense,50,2500,6046,bidi_distance,close,18_39,16_45,8,63,8,7.414,0.29012224970119693,12,1
dense,50,2500,6046,bidi_distance,close,10_2,8_3,3,10,4,3.0,0.11003530237308377,12,1
dense,50,2500,6046,bidi_distance,close,30_10,29_16,7,43,7,6.414,0.23458608175792267,12,1
dense,50,2500,6046,bidi_distance,close,30_30,28_35,7,55,8,7.0,0.26320905599033867,12,1
dense,50,2500,6046,bidi_distance,close,18_29,14_34,9,69,9,8.414,0.33546367263275884,12,1
dense,50,2500,6046,bidi_distance,close,30_15,35_19,9,56,7,7.241999999999999,0.31062754951105787,12,1
dense,50,2500,6046,bidi_distance,close,38_17,36_20,5,18,5,4.414,0.16469490914314283,12,1
dense,50,2500,6046,bidi_distance,close,28_39,28_44,5,29,6,5.0,0.19617052172262428,12,1
dense,50,2500,6046,dijkstra_distance,far,1_22,43_37,57,2136,16,46.21270965295044,1.1597869721781762,12,1
dense,50,2500,6046,dijkstra_distance,far,2_0,46_46,90,2456,12,65.93143609957946,1.5089839736290556,12,1
dense,50,2500,6046,dijkstra_distance,far,46_49,8_26,61,1723,13,46.608987629529715,1.1283762230457985,12,1
dense,50,2500,6046,dijkstra_distance,far,8_34,42_11,57,2281,23,44.56045673131659,1.3415991288578542,12,1
dense,50,2500,6046,dijkstra_distance,far,19_47,45_4,69,2446,20,53.501055786947916,1.442197312428055,12,1
dense,50,2500,6046,dijkstra_distance,far,38_0,24_39,53,1834,34,44.531544457292895,1.4975547728330252,12,1
dense,50,2500,6046,dijkstra_distance,far,9_46,39_14,62,2133,21,47.7574627898279,1.2696707398535543,12,1
dense,50,2500,6046,dijkstra_distance,far,29_41,47_0,59,2445,15,47.64299494980466,1.2391693132673265,12,1
dense,50,2500,6046,dijkstra_distance,far,35_43,4_5,69,2436,14,51.66074542459709,1.2511809122731674,12,1
dense,50,2500,6046,dijkstra_distance,far,38_10,8_39,59,2313,19,45.99582403567252,1.250157473566711,12,1
dense,50,2500,6046,dijkstra_distance,far,6_47,45_17,69,2222,8,51.06822712353222,1.1683382204737092,12,1
dense,50,2500,6046,dijkstra_distance,far,6_48,36_22,56,1654,12,43.152271873917044,1.0441892777457036,12,1
dense,50,2500,6046,dijkstra_distance,far,1_18,41_44,66,2323,14,50.2099463490856,1.2098467758066465,12,1
dense,50,2500,6046,dijkstra_distance,far,0_29,47_6,70,2446,11,55.15825264413734,1.3002893065382093,12,1
dense,50,2500,6046,dijkstra_distance,far,3_32,28_1,56,2089,22,45.03543687382041,1.2796291689329797,12,1
dense,50,2500,6046,dijkstra_distance,far,4_43,35_13,61,2012,13,45.79857550292606,1.1553137811021572,12,1
dense,50,2500,6046,dijkstra_distance,far,39_32,0_9,62,2415,5,46.04648650006177,0.9417036977681149,12,1
dense,50,2500,6046,dijkstra_distance,far,8_48,44_27,57,1876,20,45.75382403567252,1.244404117868879,12,1
dense,50,2500,6046,dijkstra_distance,far,4_2,35_23,52,1467,20,41.0569345590327,1.1914958661952884,12,1
dense,50,2500,6046,dijkstra_distance,far,44_27,0_5,66,2482,19,53.87824919657298,1.3545302470414444,12,1
dense,50,2500,6046,dijkstra_time,far,1_22,43_37,57,1863,8,49.04731888814155,1.0462972410686333,12,1
dense,50,2500,6046,dijkstra_time,far,2_0,46_46,90,2463,13,68.04325709573672,1.471488249305268,12,1
dense,50,2500,6046,dijkstra_time,far,46_49,8_26,61,1400,6,50.479171225124084,1.0391818495444052,12,1
dense,50,2500,6046,dijkstra_time,far,8_34,42_11,57,2329,13,48.57658845611187,1.0925434094228046,12,1
dense,50,2500,6046,dijkstra_time,far,19_47,45_4,69,2459,16,55.491477551347316,1.3032997703606826,12,1
dense,50,2500,6046,dijkstra_time,far,38_0,24_39,53,2080,13,50.219600186003035,1.150705036098756,12,1
dense,50,2500,6046,dijkstra_time,far,9_46,39_14,62,2215,11,51.507578160987876,1.139234993167832,12,1
dense,50,2500,6046,dijkstra_time,far,29_41,47_0,59,2428,14,48.469512754639894,1.1273183467630354,12,1
dense,50,2500,6046,dijkstra_time,far,35_43,4_5,69,2359,9,55.08125952981316,1.1537691345967247,12,1
dense,50,2500,6046,dijkstra_time,far,38_10,8_39,59,2313,16,48.132096331752024,1.1507766268514044,12,1
dense,50,2500,6046,dijkstra_time,far,6_47,45_17,69,2105,7,56.59402825123699,1.1371833236637878,12,1
dense,50,2500,6046,dijkstra_time,far,6_48,36_22,56,1453,12,44.895879299133334,1.0351554737888897,12,1
dense,50,2500,6046,dijkstra_time,far,1_18,41_44,66,2297,14,50.2099463490856,1.2098467758066465,12,1
dense,50,2500,6046,dijkstra_time,far,0_29,47_6,70,2395,10,60.09202247190519,1.256851357903441,12,1
dense,50,2500,6046,dijkstra_time,far,3_32,28_1,56,2405,17,47.930350866978884,1.204235927305864,12,1
dense,50,2500,6046,dijkstra_time,far,4_43,35_13,61,1933,8,48.9345832509386,1.0985148493127541,12,1
dense,50,2500,6046,dijkstra_time,far,39_32,0_9,62,1996,5,46.04648650006177,0.9417036977681149,12,1
dense,50,2500,6046,dijkstra_time,far,8_48,44_27,57,2088,18,46.37457340538832,1.1437710165512216,12,1
dense,50,2500,6046,dijkstra_time,far,4_2,35_23,52,1551,11,44.76933905932738,1.0300563883907714,12,1
dense,50,2500,6046,dijkstra_time,far,44_27,0_5,66,2453,9,55.251622805517506,1.214429035756993,12,1
dense,50,2500,6046,bidi_distance,far,1_22,43_37,57,1530,16,46.21270965295043,1.1699541721221551,12,1
dense,50,2500,6046,bidi_distance,far,2_0,46_46,90,1760,12,65.93143609957946,1.5089839736290556,12,1
dense,50,2500,6046,bidi_distance,far,46_49,8_26,61,1443,13,46.608987629529715,1.13044766252178,12,1
dense,50,2500,6046,bidi_distance,far,8_34,42_11,57,1634,23,44.56045673131658,1.3422279191622524,12,1
dense,50,2500,6046,bidi_distance,far,19_47,45_4,69,1685,20,53.501055786947916,1.4531885565787266,12,1
dense,50,2500,6046,bidi_distance,far,38_0,24_39,53,1570,34,44.53154445729289,1.4975547728330252,12,1
dense,50,2500,6046,bidi_distance,far,9_46,39_14,62,1687,21,47.75746278982789,1.2702995301579525,12,1
dense,50,2500,6046,bidi_distance,far,29_41,47_0,59,1472,15,47.64299494980465,1.2138289590162996,12,1
dense,50,2500,6046,bidi_distance,far,35_43,4_5,69,1672,14,51.66074542459709,1.2511809122731674,12,1
dense,50,2500,6046,bidi_distance,far,38_10,8_39,59,1668,19,45.99582403567252,1.241080219441869,12,1
dense,50,2500,6046,bidi_distance,far,6_47,45_17,69,1621,8,51.06822712353222,1.1667972032224703,12,1
dense,50,2500,6046,bidi_distance,far,6_48,36_22,56,1517,12,43.152271873917044,1.0379060802094047,12,1
dense,50,2500,6046,bidi_distance,far,1_18,41_44,66,1554,14,50.2099463490856,1.2098467758066465,12,1
dense,50,2500,6046,bidi_distance,far,0_29,47_6,70,1668,11,55.158252644137335,1.3002893065382093,12,1
dense,50,2500,6046,bidi_distance,far,3_32,28_1,56,1405,22,45.03543687382041,1.2747045267608794,12,1
dense,50,2500,6046,bidi_distance,far,4_43,35_13,61,1613,13,45.79857550292606,1.1461270415948348,12,1
dense,50,2500,6046,bidi_distance,far,39_32,0_9,62,1538,5,46.04648650006177,0.9417036977681149,12,1
dense,50,2500,6046,bidi_distance,far,8_48,44_27,57,1416,20,45.75382403567252,1.241344525540945,12,1
dense,50,2500,6046,bidi_distance,far,4_2,35_23,52,1368,20,41.0569345590327,1.1914958661952884,12,1
dense,50,2500,6046,bidi_distance,far,44_27,0_5,66,1739,19,53.87824919657298,1.3545302470414444,12,1
sparse,70,4900,7793,dijkstra_distance,close,31_32,25_24,14,602,21,20.0,0.7950234110084503,17,1
sparse,70,4900,7793,dijkstra_distance,close,67_35,62_41,11,150,12,11.0,0.44367468244362646,17,1
sparse,70,4900,7793,dijkstra_distance,close,42_65,48_69,10,137,11,10.0,0.4155937545197956,17,1
sparse,70,4900,7793,dijkstra_distance,close,7_20,13_25,11,214,12,11.0,0.4274677529538213,17,1
sparse,70,4900,7793,dijkstra_distance,close,52_26,59_27,8,110,9,8.0,0.3278930476181528,17,1
sparse,70,4900,7793,dijkstra_distance,close,15_9,8_13,11,212,12,11.0,0.4470374112986516,17,1
sparse,70,4900,7793,dijkstra_distance,close,56_60,48_66,14,316,14,13.414,0.5787810605266,17,1
sparse,70,4900,7793,dijkstra_distance,close,9_30,10_34,5,37,6,5.0,0.20425386460156122,17,1
sparse,70,4900,7793,dijkstra_distance,close,2_64,8_56,14,197,18,17.414,0.6612059237012919,17,1
sparse,70,4900,7793,dijkstra_distance,close,12_47,4_50,11,221,12,11.0,0.44691891765891734,17,1
sparse,70,4900,7793,dijkstra_distance,close,14_49,16_48,3,14,4,3.0,0.11853881783483863,17,1
sparse,70,4900,7793,dijkstra_distance,close,7_9,13_13,10,173,11,10.0,0.3820839990469672,17,1
sparse,70,4900,7793,dijkstra_distance,close,67_27,61_34,13,215,14,13.0,0.5143234204449423,17,1
sparse,70,4900,7793,dijkstra_distance,close,57_43,55_45,4,16,5,4.0,0.16064512639954695,17,1
sparse,70,4900,7793,dijkstra_distance,close,56_17,50_10,13,301,14,13.0,0.5100947032578603,17,1
sparse,70,4900,7793,dijkstra_distance,close,15_19,21_14,11,294,14,13.0,0.5225748147644337,17,1
sparse,70,4900,7793,dijkstra_distance,close,57_4,54_1,6,54,7,6.0,0.24542166668653811,17,1
sparse,70,4900,7793,dijkstra_distance,close,8_10,5_15,8,183,11,10.0,0.41182880308857606,17,1
sparse,70,4900,7793,dijkstra_distance,close,28_64,31_68,7,85,8,7.0,0.27183522227278367,17,1
sparse,70,4900,7793,dijkstra_distance,close,25_37,19_34,9,134,10,9.0,0.3506548090878556,17,1
sparse,70,4900,7793,dijkstra_time,close,31_32,25_24,14,606,21,20.0,0.7531903031844119,17,1
sparse,70,4900,7793,dijkstra_time,close,67_35,62_41,11,148,12,11.0,0.4186110640055856,17,1
sparse,70,4900,7793,dijkstra_time,close,42_65,48_69,10,128,11,10.0,0.3840775575034395,17,1
sparse,70,4900,7793,dijkstra_time,close,7_20,13_25,11,189,12,11.0,0.41525712134717885,17,1
sparse,70,4900,7793,dijkstra_time,close,52_26,59_27,8,116,9,8.0,0.3250306661896591,17,1
sparse,70,4900,7793,dijkstra_time,close,15_9,8_13,11,199,12,11.0,0.42481206798906157,17,1
sparse,70,4900,7793,dijkstra_time,close,56_60,48_66,14,338,15,14.0,0.5406664245713116,17,1
sparse,70,4900,7793,dijkstra_time,close,9_30,10_34,5,44,6,5.0,0.19103321668307058,17,1
sparse,70,4900,7793,dijkstra_time,close,2_64,8_56,14,193,18,17.414,0.6565778268200062,17,1
sparse,70,4900,7793,dijkstra_time,close,12_47,4_50,11,224,12,11.0,0.4301519578220684,17,1
sparse,70,4900,7793,dijkstra_time,close,14_49,16_48,3,17,4,3.0,0.11853881783483863,17,1
sparse,70,4900,7793,dijkstra_time,close,7_9,13_13,10,169,11,10.0,0.3730090498456693,17,1
sparse,70,4900,7793,dijkstra_time,close,67_27,61_34,13,193,14,13.0,0.47707825442257223,17,1
sparse,70,4900,7793,dijkstra_time,close,57_43,55_45,4,23,5,4.0,0.16064512639954695,17,1
sparse,70,4900,7793,dijkstra_time,close,56_17,50_10,13,277,14,13.0,0.4801211225136375,17,1
sparse,70,4900,7793,dijkstra_time,close,15_19,21_14,11,288,14,13.0,0.5083197820504249,17,1
sparse,70,4900,7793,dijkstra_time,close,57_4,54_1,6,58,7,6.0,0.23264566848512155,17,1
sparse,70,4900,7793,dijkstra_time,close,8_10,5_15,8,156,11,10.0,0.3812001668527747,17,1
sparse,70,4900,7793,dijkstra_time,close,28_64,31_68,7,85,8,7.0,0.26634526997322494,17,1
sparse,70,4900,7793,dijkstra_time,close,25_37,19_34,9,129,10,9.0,0.3506548090878556,17,1
sparse,70,4900,7793,bidi_distance,close,31_32,25_24,14,257,21,20.0,0.7970603891643364,17,1
sparse,70,4900,7793,bidi_distance,close,67_35,62_41,11,74,12,11.0,0.4326686324390919,17,1
sparse,70,4900,7793,bidi_distance,close,42_65,48_69,10,51,11,10.0,0.39099536052367373,17,1
sparse,70,4900,7793,bidi_distance,close,7_20,13_25,11,74,12,11.0,0.42980775455210896,17,1
sparse,70,4900,7793,bidi_distance,close,52_26,59_27,8,40,9,8.0,0.3250306661896591,17,1
sparse,70,4900,7793,bidi_distance,close,15_9,8_13,11,83,12,11.0,0.46217840017280615,17,1
sparse,70,4900,7793,bidi_distance,close,56_60,48_66,14,128,14,13.414,0.5940180201357885,17,1
sparse,70,4900,7793,bidi_distance,close,9_30,10_34,5,16,6,5.0,0.19190378462329735,17,1
sparse,70,4900,7793,bidi_distance,close,2_64,8_56,14,141,18,17.414,0.6594382887191138,17,1
sparse,70,4900,7793,bidi_distance,close,12_47,4_50,11,112,12,11.0,0.43813549134197816,17,1
sparse,70,4900,7793,bidi_distance,close,14_49,16_48,3,6,4,3.0,0.11853881783483863,17,1
sparse,70,4900,7793,bidi_distance,close,7_9,13_13,10,63,11,10.0,0.3952425861122121,17,1
sparse,70,4900,7793,bidi_distance,close,67_27,61_34,13,119,14,13.0,0.5138433704986803,17,1
sparse,70,4900,7793,bidi_distance,close,57_43,55_45,4,8,5,4.0,0.1849786628532687,17,1
sparse,70,4900,7793,bidi_distance,close,56_17,50_10,13,112,14,13.0,0.514962148167731,17,1
sparse,70,4900,7793,bidi_distance,close,15_19,21_14,11,104,14,13.0,0.5414741743003726,17,1
sparse,70,4900,7793,bidi_distance,close,57_4,54_1,6,22,7,6.0,0.23264566848512155,17,1
sparse,70,4900,7793,bidi_distance,close,8_10,5_15,8,63,11,10.0,0.4089654166392622,17,1
sparse,70,4900,7793,bidi_distance,close,28_64,31_68,7,29,8,7.0,0.2938209979207883,17,1
sparse,70,4900,7793,bidi_distance,close,25_37,19_34,9,52,10,9.0,0.3506548090878556,17,1
sparse,70,4900,7793,dijkstra_distance,far,54_24,9_67,88,4856,91,90.0,2.9904351040090775,17,1
sparse,70,4900,7793,dijkstra_distance,far,31_0,41_61,71,3770,74,73.0,2.5041432626621947,17,1
sparse,70,4900,7793,dijkstra_distance,far,56_64,25_24,71,3585,72,71.828,2.5627567773126043,17,1
sparse,70,4900,7793,dijkstra_distance,far,65_42,0_1,106,4871,105,104.828,3.404528883031817,17,1
sparse,70,4900,7793,dijkstra_distance,far,45_0,56_61,72,3768,75,74.0,2.5559209350218017,17,1
sparse,70,4900,7793,dijkstra_distance,far,57_0,22_48,83,3840,82,81.828,2.778627370867208,17,1
sparse,70,4900,7793,dijkstra_distance,far,17_38,67_64,76,4724,76,75.414,2.651013600853853,17,1
sparse,70,4900,7793,dijkstra_distance,far,69_32,11_67,93,4703,42,89.04079934095691,2.2685417301305284,17,1
sparse,70,4900,7793,dijkstra_distance,far,2_64,41_15,88,3782,59,83.40075756488817,2.4079337717276252,17,1
sparse,70,4900,7793,dijkstra_distance,far,9_63,53_12,95,4587,94,93.828,3.1129630370671846,17,1
sparse,70,4900,7793,dijkstra_distance,far,18_2,48_44,72,3657,74,73.414,2.54799841734045,17,1
sparse,70,4900,7793,dijkstra_distance,far,2_3,34_51,80,2992,45,75.01562118716424,2.2060201836992697,17,1
sparse,70,4900,7793,dijkstra_distance,far,3_47,59_63,72,3936,74,73.414,2.5500280407180798,17,1
sparse,70,4900,7793,dijkstra_distance,far,33_16,64_61,76,4492,39,66.20616373302047,1.9373756417012402,17,1
sparse,70,4900,7793,dijkstra_distance,far,58_18,29_65,76,4362,76,75.414,2.605205770257712,17,1
sparse,70,4900,7793,dijkstra_distance,far,37_2,0_66,101,4846,72,96.40075756488817,2.8204750133749306,17,1
sparse,70,4900,7793,dijkstra_distance,far,34_9,68_55,80,4158,41,68.20616373302047,1.9347830852636314,17,1
sparse,70,4900,7793,dijkstra_distance,far,54_12,14_59,87,4571,87,86.414,2.89434517768046,17,1
sparse,70,4900,7793,dijkstra_distance,far,1_47,66_67,85,4525,85,84.414,2.828038538228588,17,1
sparse,70,4900,7793,dijkstra_distance,far,66_62,35_8,85,3582,48,75.20616373302047,2.224696956343213,17,1
sparse,70,4900,7793,dijkstra_time,far,54_24,9_67,88,4724,45,92.04079934095691,2.2939842284333194,17,1
sparse,70,4900,7793,dijkstra_time,far,31_0,41_61,71,4169,74,73.0,2.447350484375602,17,1
sparse,70,4900,7793,dijkstra_time,far,56_64,25_24,71,3053,46,73.20616373302047,2.134155208579461,17,1
sparse,70,4900,7793,dijkstra_time,far,65_42,0_1,106,4872,79,109.01562118716424,3.1096413819626765,17,1
sparse,70,4900,7793,dijkstra_time,far,45_0,56_61,72,3386,53,80.20616373302047,2.2643250494662004,17,1
sparse,70,4900,7793,dijkstra_time,far,57_0,22_48,83,3340,45,92.45479934095692,2.3884405618458335,17,1
sparse,70,4900,7793,dijkstra_time,far,17_38,67_64,76,4807,57,84.20616373302047,2.3284636714652103,17,1
sparse,70,4900,7793,dijkstra_time,far,69_32,11_67,93,3977,42,89.04079934095691,2.2321248836945604,17,1
sparse,70,4900,7793,dijkstra_time,far,2_64,41_15,88,3430,59,83.40075756488817,2.365214979978095,17,1
sparse,70,4900,7793,dijkstra_time,far,9_63,53_12,95,4421,51,98.45479934095691,2.531008467225806,17,1
sparse,70,4900,7793,dijkstra_time,far,18_2,48_44,72,3681,74,73.414,2.4484001534274396,17,1
sparse,70,4900,7793,dijkstra_time,far,2_3,34_51,80,2299,45,75.01562118716424,2.158320504738196,17,1
sparse,70,4900,7793,dijkstra_time,far,3_47,59_63,72,4566,74,73.414,2.470825582916336,17,1
sparse,70,4900,7793,dijkstra_time,far,33_16,64_61,76,4029,39,66.20616373302047,1.9771018263780196,17,1
sparse,70,4900,7793,dijkstra_time,far,58_18,29_65,76,4814,50,97.45479934095692,2.438217767836553,17,1
sparse,70,4900,7793,dijkstra_time,far,37_2,0_66,101,4786,72,96.40075756488817,2.8083983393606275,17,1
sparse,70,4900,7793,dijkstra_time,far,34_9,68_55,80,3185,41,68.20616373302047,1.9051181773242594,17,1
sparse,70,4900,7793,dijkstra_time,far,54_12,14_59,87,4003,41,88.45479934095692,2.247452203685031,17,1
sparse,70,4900,7793,dijkstra_time,far,1_47,66_67,85,4841,85,84.414,2.7442129478343573,17,1
sparse,70,4900,7793,dijkstra_time,far,66_62,35_8,85,3027,48,75.20616373302047,2.184802733959758,17,1
sparse,70,4900,7793,bidi_distance,far,54_24,9_67,88,3873,91,90.0,3.01985810656289,17,1
sparse,70,4900,7793,bidi_distance,far,31_0,41_61,71,2880,74,73.0,2.543944365278157,17,1
sparse,70,4900,7793,bidi_distance,far,56_64,25_24,71,3354,72,71.828,2.5594402288948075,17,1
sparse,70,4900,7793,bidi_distance,far,65_42,0_1,106,3933,105,104.828,3.427251920370727,17,1
sparse,70,4900,7793,bidi_distance,far,45_0,56_61,72,2593,75,74.0,2.5682092079002237,17,1
sparse,70,4900,7793,bidi_distance,far,57_0,22_48,83,3596,82,81.828,2.713353338315792,17,1
sparse,70,4900,7793,bidi_distance,far,17_38,67_64,76,3161,76,75.414,2.6259344255206947,17,1
sparse,70,4900,7793,bidi_distance,far,69_32,11_67,93,3266,42,89.04079934095691,2.2710367279582595,17,1
sparse,70,4900,7793,bidi_distance,far,2_64,41_15,88,3462,59,83.40075756488817,2.442392822677102,17,1
sparse,70,4900,7793,bidi_distance,far,9_63,53_12,95,4020,94,93.828,3.0955697025943145,17,1
sparse,70,4900,7793,bidi_distance,far,18_2,48_44,72,3284,74,73.414,2.5815005182884185,17,1
sparse,70,4900,7793,bidi_distance,far,2_3,34_51,80,3016,45,75.01562118716424,2.196193205935599,17,1
sparse,70,4900,7793,bidi_distance,far,3_47,59_63,72,2470,74,73.414,2.5483666639392717,17,1
sparse,70,4900,7793,bidi_distance,far,33_16,64_61,76,2706,39,66.20616373302047,1.9373756417012402,17,1
sparse,70,4900,7793,bidi_distance,far,58_18,29_65,76,3270,76,75.414,2.5683458246486937,17,1
sparse,70,4900,7793,bidi_distance,far,37_2,0_66,101,3325,72,96.40075756488817,2.826400316513996,17,1
sparse,70,4900,7793,bidi_distance,far,34_9,68_55,80,2575,41,68.20616373302047,1.9264053335241453,17,1
sparse,70,4900,7793,bidi_distance,far,54_12,14_59,87,3915,87,86.414,2.9063581040101822,17,1
sparse,70,4900,7793,bidi_distance,far,1_47,66_67,85,2606,85,84.414,2.8662064163075933,17,1
sparse,70,4900,7793,bidi_distance,far,66_62,35_8,85,2797,48,75.20616373302047,2.226977863443022,17,1
dense,70,4900,11912,dijkstra_distance,close,39_56,47_50,14,355,12,12.241999999999999,0.46956563253897116,17,1
dense,70,4900,11912,dijkstra_distance,close,68_25,66_32,9,103,9,8.414,0.339287710226412,17,1
dense,70,4900,11912,dijkstra_distance,close,52_3,47_3,5,56,6,5.0,0.19366197889759465,17,1
dense,70,4900,11912,dijkstra_distance,close,2_30,2_33,3,30,4,3.8279999999999994,0.1600667112731469,17,1
dense,70,4900,11912,dijkstra_distance,close,27_63,28_60,4,35,5,4.0,0.16332949611822667,17,1
dense,70,4900,11912,dijkstra_distance,close,1_28,7_35,13,194,12,11.828,0.4498169755642883,17,1
dense,70,4900,11912,dijkstra_distance,close,65_7,62_0,10,132,8,8.241999999999999,0.33983493703502965,17,1
dense,70,4900,11912,dijkstra_distance,close,65_13,64_17,5,50,6,5.0,0.18675371831324233,17,1
dense,70,4900,11912,dijkstra_distance,close,23_45,17_44,7,115,8,7.0,0.28292760802222794,17,1
dense,70,4900,11912,dijkstra_distance,close,33_54,32_58,5,52,5,4.414,0.16933520179288955,17,1
dense,70,4900,11912,dijkstra_distance,close,31_30,28_23,10,217,10,9.414,0.38774723825393265,17,1
dense,70,4900,11912,dijkstra_distance,close,15_19,22_27,15,388,12,12.655999999999999,0.510794540279322,17,1
dense,70,4900,11912,dijkstra_distance,close,44_30,52_23,15,411,13,13.241999999999999,0.49192798127043064,17,1
dense,70,4900,11912,dijkstra_distance,close,60_10,65_13,8,129,8,7.414,0.31578831480467606,17,1
dense,70,4900,11912,dijkstra_distance,close,65_42,66_47,6,67,6,5.414,0.2097460929837061,17,1
dense,70,4900,11912,dijkstra_distance,close,18_52,21_53,4,29,4,3.4139999999999997,0.13016625206457488,17,1
dense,70,4900,11912,dijkstra_distance,close,16_12,23_16,11,226,10,9.828,0.3781568740659091,17,1
dense,70,4900,11912,dijkstra_distance,close,6_49,5_49,1,2,2,1.0,0.04685857683777859,17,1
dense,70,4900,11912,dijkstra_distance,close,43_66,37_59,13,227,12,11.828,0.46734346894956613,17,1
dense,70,4900,11912,dijkstra_distance,close,13_37,10_35,5,49,5,4.414,0.17777701662098688,17,1
dense,70,4900,11912,dijkstra_time,close,39_56,47_50,14,338,12,12.241999999999999,0.45984275728425555,17,1
dense,70,4900,11912,dijkstra_time,close,68_25,66_32,9,103,9,8.414,0.32391952130803947,17,1
dense,70,4900,11912,dijkstra_time,close,52_3,47_3,5,58,6,5.0,0.19366197889759465,17,1
dense,70,4900,11912,dijkstra_time,close,2_30,2_33,3,36,4,3.8279999999999994,0.1600667112731469,17,1
dense,70,4900,11912,dijkstra_time,close,27_63,28_60,4,33,5,4.0,0.1491665216354683,17,1
dense,70,4900,11912,dijkstra_time,close,1_28,7_35,13,195,12,11.828,0.44735064284761955,17,1
dense,70,4900,11912,dijkstra_time,close,65_7,62_0,10,131,9,8.828,0.3208791742920735,17,1
dense,70,4900,11912,dijkstra_time,close,65_13,64_17,5,46,6,5.0,0.18675371831324233,17,1
dense,70,4900,11912,dijkstra_time,close,23_45,17_44,7,120,8,7.0,0.27308852191529903,17,1
dense,70,4900,11912,dijkstra_time,close,33_54,32_58,5,47,5,4.414,0.16933520179288955,17,1
dense,70,4900,11912,dijkstra_time,close,31_30,28_23,10,200,10,9.414,0.35883810270105976,17,1
dense,70,4900,11912,dijkstra_time,close,15_19,22_27,15,491,12,12.655999999999999,0.510794540279322,17,1
dense,70,4900,11912,dijkstra_time,close,44_30,52_23,15,413,13,13.241999999999999,0.4874895506364207,17,1
dense,70,4900,11912,dijkstra_time,close,60_10,65_13,8,156,8,7.414,0.3104321340265762,17,1
dense,70,4900,11912,dijkstra_time,close,65_42,66_47,6,68,6,5.414,0.2097460929837061,17,1
dense,70,4900,11912,dijkstra_time,close,18_52,21_53,4,28,4,3.4139999999999997,0.13016625206457488,17,1
dense,70,4900,11912,dijkstra_time,close,16_12,23_16,11,210,10,9.828,0.37048640965952734,17,1
dense,70,4900,11912,dijkstra_time,close,6_49,5_49,1,4,2,1.0,0.04685857683777859,17,1
dense,70,4900,11912,dijkstra_time,close,43_66,37_59,13,226,12,11.828,0.44670294838185465,17,1
dense,70,4900,11912,dijkstra_time,close,13_37,10_35,5,40,5,4.414,0.1646954704259572,17,1
dense,70,4900,11912,bidi_distance,close,39_56,47_50,14,158,12,12.241999999999999,0.48871174359917174,17,1
dense,70,4900,11912,bidi_distance,close,68_25,66_32,9,66,9,8.414,0.32495002305779674,17,1
dense,70,4900,11912,bidi_distance,close,52_3,47_3,5,30,6,5.0,0.19366197889759465,17,1
dense,70,4900,11912,bidi_distance,close,2_30,2_33,3,13,4,3.8279999999999994,0.1600667112731469,17,1
dense,70,4900,11912,bidi_distance,close,27_63,28_60,4,12,5,4.0,0.16421302630261958,17,1
dense,70,4900,11912,bidi_distance,close,1_28,7_35,13,125,12,11.828,0.46397118110251195,17,1
dense,70,4900,11912,bidi_distance,close,65_7,62_0,10,62,8,8.241999999999999,0.33983493703502965,17,1
dense,70,4900,11912,bidi_distance,close,65_13,64_17,5,27,6,5.0,0.18675371831324233,17,1
dense,70,4900,11912,bidi_distance,close,23_45,17_44,7,56,8,7.0,0.28079812510245156,17,1
dense,70,4900,11912,bidi_distance,close,33_54,32_58,5,20,5,4.414,0.18265783323254603,17,1
dense,70,4900,11912,bidi_distance,close,31_30,28_23,10,87,10,9.414,0.38774723825393265,17,1
dense,70,4900,11912,bidi_distance,close,15_19,22_27,15,176,12,12.655999999999999,0.510794540279322,17,1
dense,70,4900,11912,bidi_distance,close,44_30,52_23,15,185,13,13.241999999999999,0.5121972197601142,17,1
dense,70,4900,11912,bidi_distance,close,60_10,65_13,8,58,8,7.414,0.3334532302776821,17,1
dense,70,4900,11912,bidi_distance,close,65_42,66_47,6,25,6,5.414,0.2097460929837061,17,1
dense,70,4900,11912,bidi_distance,close,18_52,21_53,4,11,4,3.4139999999999997,0.13016625206457488,17,1
dense,70,4900,11912,bidi_distance,close,16_12,23_16,11,104,10,9.828,0.3748092470980611,17,1
dense,70,4900,11912,bidi_distance,close,6_49,5_49,1,1,2,1.0,0.04685857683777859,17,1
dense,70,4900,11912,bidi_distance,close,43_66,37_59,13,137,12,11.828,0.46734346894956613,17,1
dense,70,4900,11912,bidi_distance,close,13_37,10_35,5,18,5,4.414,0.1646954704259572,17,1
dense,70,4900,11912,dijkstra_distance,far,3_62,27_3,83,3819,10,65.54475304103698,1.401340906571624,17,1
dense,70,4900,11912,dijkstra_distance,far,53_62,17_6,92,4638,30,71.52056905736639,2.0034315787529646,17,1
dense,70,4900,11912,dijkstra_distance,far,66_63,19_19,91,3992,19,68.57091812864648,1.6389571734527315,17,1
dense,70,4900,11912,dijkstra_distance,far,63_4,22_64,101,4477,9,76.13816169261008,1.5839438844065636,17,1
dense,70,4900,11912,dijkstra_distance,far,61_69,38_3,89,4225,15,71.79460144519699,1.5672989689986707,17,1
dense,70,4900,11912,dijkstra_distance,far,31_1,62_43,73,3445,16,55.31706403010388,1.3872588052685264,17,1
dense,70,4900,11912,dijkstra_distance,far,28_60,44_4,72,4393,8,59.85164807134504,1.2151742617227923,17,1
dense,70,4900,11912,dijkstra_distance,far,11_63,52_14,90,4329,14,67.63175076911409,1.4797668457818005,17,1
dense,70,4900,11912,dijkstra_distance,far,65_43,3_14,91,4689,12,69.84234129593445,1.5400721062712233,17,1
dense,70,4900,11912,dijkstra_distance,far,2_18,64_0,80,4257,34,66.79498884280703,1.9360025849087146,17,1
dense,70,4900,11912,dijkstra_distance,far,3_8,61_24,74,3627,28,63.088896657869846,1.7484581308019898,17,1
dense,70,4900,11912,dijkstra_distance,far,19_5,59_53,88,4409,18,66.40622102496216,1.5381348528652135,17,1
dense,70,4900,11912,dijkstra_distance,far,64_58,27_13,82,3813,18,62.51172228646444,1.5503100999761816,17,1
dense,70,4900,11912,dijkstra_distance,far,60_47,16_19,72,3864,17,55.23861550347976,1.3679278973720657,17,1
dense,70,4900,11912,dijkstra_distance,far,51_64,12_32,71,3302,17,53.30534186398688,1.397505151366178,17,1
dense,70,4900,11912,dijkstra_distance,far,58_33,8_60,77,4580,21,60.55328874149275,1.5776031249642983,17,1
dense,70,4900,11912,dijkstra_distance,far,67_42,24_5,80,3889,9,60.21551512977634,1.2747262891487907,17,1
dense,70,4900,11912,dijkstra_distance,far,7_32,67_1,91,4869,37,73.5395127546399,2.0548415796119057,17,1
dense,70,4900,11912,dijkstra_distance,far,6_66,56_29,87,3796,19,65.6656228055175,1.5697532604703492,17,1
dense,70,4900,11912,dijkstra_distance,far,9_17,48_56,78,4161,20,60.5205832509386,1.4462021840029058,17,1
dense,70,4900,11912,dijkstra_time,far,3_62,27_3,83,3344,10,65.54475304103698,1.401340906571624,17,1
dense,70,4900,11912,dijkstra_time,far,53_62,17_6,92,4685,16,72.75582653245145,1.6162359356472877,17,1
dense,70,4900,11912,dijkstra_time,far,66_63,19_19,91,3604,12,69.96229972383763,1.4896095288010365,17,1
dense,70,4900,11912,dijkstra_time,far,63_4,22_64,101,4255,9,76.13816169261008,1.5839438844065636,17,1
dense,70,4900,11912,dijkstra_time,far,61_69,38_3,89,4079,16,72.38060144519699,1.5526712302556758,17,1
dense,70,4900,11912,dijkstra_time,far,31_1,62_43,73,3535,16,55.31706403010388,1.3330483222221083,17,1
dense,70,4900,11912,dijkstra_time,far,28_60,44_4,72,3670,8,59.85164807134504,1.2017442987906963,17,1
dense,70,4900,11912,dijkstra_time,far,11_63,52_14,90,4162,12,68.78743590166759,1.4568640132197006,17,1
dense,70,4900,11912,dijkstra_time,far,65_43,3_14,91,4519,12,69.84234129593445,1.5400721062712233,17,1
dense,70,4900,11912,dijkstra_time,far,2_18,64_0,80,4616,12,69.7583111875098,1.5988524391257053,17,1
dense,70,4900,11912,dijkstra_time,far,3_8,61_24,74,3359,12,67.02671941887264,1.3960523560791422,17,1
dense,70,4900,11912,dijkstra_time,far,19_5,59_53,88,4433,17,70.52811479695497,1.5254812726876361,17,1
dense,70,4900,11912,dijkstra_time,far,64_58,27_13,82,4151,13,69.66660335172821,1.4940034287784276,17,1
dense,70,4900,11912,dijkstra_time,far,60_47,16_19,72,3832,12,60.406221024962164,1.2954500461683947,17,1
dense,70,4900,11912,dijkstra_time,far,51_64,12_32,71,3342,12,54.01364576337837,1.2636247892792403,17,1
dense,70,4900,11912,dijkstra_time,far,58_33,8_60,77,4382,9,65.309518948453,1.340647536573766,17,1
dense,70,4900,11912,dijkstra_time,far,67_42,24_5,80,3299,9,60.21551512977634,1.2723919860551447,17,1
dense,70,4900,11912,dijkstra_time,far,7_32,67_1,91,4842,15,74.70837168288783,1.6153322502676342,17,1
dense,70,4900,11912,dijkstra_time,far,6_66,56_29,87,4017,13,70.137518948453,1.5123154175624272,17,1
dense,70,4900,11912,dijkstra_time,far,9_17,48_56,78,4175,13,65.5411752222041,1.3751977402704698,17,1
dense,70,4900,11912,bidi_distance,far,3_62,27_3,83,2618,10,65.54475304103698,1.401340906571624,17,1
dense,70,4900,11912,bidi_distance,far,53_62,17_6,92,3452,30,71.52056905736637,2.0034315787529646,17,1
dense,70,4900,11912,bidi_distance,far,66_63,19_19,91,3360,19,68.57091812864648,1.595870606294051,17,1
dense,70,4900,11912,bidi_distance,far,63_4,22_64,101,3367,9,76.1381616926101,1.5839438844065636,17,1
dense,70,4900,11912,bidi_distance,far,61_69,38_3,89,3001,15,71.79460144519699,1.5672989689986707,17,1
dense,70,4900,11912,bidi_distance,far,31_1,62_43,73,2383,16,55.31706403010388,1.371257389668579,17,1
dense,70,4900,11912,bidi_distance,far,28_60,44_4,72,2964,8,59.85164807134504,1.2151742617227923,17,1
dense,70,4900,11912,bidi_distance,far,11_63,52_14,90,3329,14,67.63175076911409,1.4955937430169859,17,1
dense,70,4900,11912,bidi_distance,far,65_43,3_14,91,3192,12,69.84234129593445,1.5400721062712233,17,1
dense,70,4900,11912,bidi_distance,far,2_18,64_0,80,2221,34,66.79498884280702,1.9373840217666158,17,1
dense,70,4900,11912,bidi_distance,far,3_8,61_24,74,2708,28,63.088896657869846,1.7484581308019898,17,1
dense,70,4900,11912,bidi_distance,far,19_5,59_53,88,3197,18,66.40622102496216,1.5381348528652135,17,1
dense,70,4900,11912,bidi_distance,far,64_58,27_13,82,3155,18,62.51172228646444,1.5503100999761816,17,1
dense,70,4900,11912,bidi_distance,far,60_47,16_19,72,2937,17,55.23861550347976,1.3748129256776782,17,1
dense,70,4900,11912,bidi_distance,far,51_64,12_32,71,2477,17,53.305341863986875,1.3614960191463101,17,1
dense,70,4900,11912,bidi_distance,far,58_33,8_60,77,2905,21,60.55328874149275,1.5833786889011097,17,1
dense,70,4900,11912,bidi_distance,far,67_42,24_5,80,2729,9,60.21551512977634,1.2723919860551447,17,1
dense,70,4900,11912,bidi_distance,far,7_32,67_1,91,3224,37,73.53951275463989,2.0542996070768162,17,1
dense,70,4900,11912,bidi_distance,far,6_66,56_29,87,3160,19,65.6656228055175,1.5725573990453103,17,1
dense,70,4900,11912,bidi_distance,far,9_17,48_56,78,3166,20,60.5205832509386,1.4493288373326831,17,1
sparse,100,10000,15901,dijkstra_distance,close,73_56,84_62,17,539,18,17.0,0.6892473205891961,25,1
sparse,100,10000,15901,dijkstra_distance,close,10_13,10_2,11,312,14,13.0,0.5358425147223019,25,1
sparse,100,10000,15901,dijkstra_distance,close,17_92,15_82,12,251,13,12.0,0.47709984624732216,25,1
sparse,100,10000,15901,dijkstra_distance,close,89_83,94_72,16,418,17,16.0,0.6608267371446022,25,1
sparse,100,10000,15901,dijkstra_distance,close,18_57,25_63,13,291,13,12.414,0.46463357969017516,25,1
sparse,100,10000,15901,dijkstra_distance,close,62_80,51_92,23,959,23,22.414,0.8901188542683635,25,1
sparse,100,10000,15901,dijkstra_distance,close,77_85,83_97,18,557,19,18.0,0.7476735299837824,25,1
sparse,100,10000,15901,dijkstra_distance,close,25_34,15_39,15,512,17,16.414,0.6522581196110587,25,1
sparse,100,10000,15901,dijkstra_distance,close,52_52,60_55,11,228,12,11.0,0.42875162480175594,25,1
sparse,100,10000,15901,dijkstra_distance,close,74_6,73_18,13,351,18,17.0,0.6752052780871868,25,1
sparse,100,10000,15901,dijkstra_distance,close,64_36,54_46,20,669,20,19.414,0.7511424257278059,25,1
sparse,100,10000,15901,dijkstra_distance,close,42_86,51_78,17,516,18,17.0,0.6784695028432092,25,1
sparse,100,10000,15901,dijkstra_distance,close,20_19,24_24,9,126,10,9.0,0.3652138088152177,25,1
sparse,100,10000,15901,dijkstra_distance,close,21_52,27_41,17,556,18,17.0,0.6605135224370966,25,1
sparse,100,10000,15901,dijkstra_distance,close,42_23,46_24,5,53,6,5.0,0.19528556331785368,25,1
sparse,100,10000,15901,dijkstra_distance,close,8_40,20_34,18,447,18,17.414,0.709542211096635,25,1
sparse,100,10000,15901,dijkstra_distance,close,96_38,98_41,5,50,6,5.0,0.21364771800059912,25,1
sparse,100,10000,15901,dijkstra_distance,close,82_38,83_38,1,3,2,1.0,0.045873365925974074,25,1
sparse,100,10000,15901,dijkstra_distance,close,62_63,56_65,8,167,11,10.0,0.390560820722927,25,1
sparse,100,10000,15901,dijkstra_distance,close,65_21,54_11,21,827,22,21.0,0.8717912432358896,25,1
sparse,100,10000,15901,dijkstra_time,close,73_56,84_62,17,500,18,17.0,0.6479214014957402,25,1
sparse,100,10000,15901,dijkstra_time,close,10_13,10_2,11,312,14,13.0,0.5185903834005451,25,1
sparse,100,10000,15901,dijkstra_time,close,17_92,15_82,12,262,13,12.0,0.46918737931120424,25,1
sparse,100,10000,15901,dijkstra_time,close,89_83,94_72,16,430,17,16.0,0.6225143495670473,25,1
sparse,100,10000,15901,dijkstra_time,close,18_57,25_63,13,269,13,12.414,0.464209798496892,25,1
sparse,100,10000,15901,dijkstra_time,close,62_80,51_92,23,928,23,22.414,0.8534121341694373,25,1
sparse,100,10000,15901,dijkstra_time,close,77_85,83_97,18,596,19,18.0,0.7141464111790615,25,1
sparse,100,10000,15901,dijkstra_time,close,25_34,15_39,15,507,18,17.0,0.6252025286677492,25,1
sparse,100,10000,15901,dijkstra_time,close,52_52,60_55,11,224,12,11.0,0.42875162480175594,25,1
sparse,100,10000,15901,dijkstra_time,close,74_6,73_18,13,360,18,17.0,0.6652526006185361,25,1
sparse,100,10000,15901,dijkstra_time,close,64_36,54_46,20,613,20,19.414,0.7195036658446521,25,1
sparse,100,10000,15901,dijkstra_time,close,42_86,51_78,17,491,18,17.0,0.6549538120346673,25,1
sparse,100,10000,15901,dijkstra_time,close,20_19,24_24,9,147,10,9.0,0.3550001528954448,25,1
sparse,100,10000,15901,dijkstra_time,close,21_52,27_41,17,519,18,17.0,0.650025980425212,25,1
sparse,100,10000,15901,dijkstra_time,close,42_23,46_24,5,53,6,5.0,0.19528556331785368,25,1
sparse,100,10000,15901,dijkstra_time,close,8_40,20_34,18,448,18,17.414,0.67221254340328,25,1
sparse,100,10000,15901,dijkstra_time,close,96_38,98_41,5,48,6,5.0,0.19935380617515186,25,1
sparse,100,10000,15901,dijkstra_time,close,82_38,83_38,1,4,2,1.0,0.045873365925974074,25,1
sparse,100,10000,15901,dijkstra_time,close,62_63,56_65,8,182,11,10.0,0.390560820722927,25,1
sparse,100,10000,15901,dijkstra_time,close,65_21,54_11,21,782,22,21.0,0.7947545024270103,25,1
sparse,100,10000,15901,bidi_distance,close,73_56,84_62,17,227,18,17.0,0.6807510231994905,25,1
sparse,100,10000,15901,bidi_distance,close,10_13,10_2,11,115,14,13.0,0.5350668902832798,25,1
sparse,100,10000,15901,bidi_distance,close,17_92,15_82,12,111,13,12.0,0.4756063326393553,25,1
sparse,100,10000,15901,bidi_distance,close,89_83,94_72,16,193,17,16.0,0.636093736998623,25,1
sparse,100,10000,15901,bidi_distance,close,18_57,25_63,13,135,13,12.414,0.46463357969017516,25,1
sparse,100,10000,15901,bidi_distance,close,62_80,51_92,23,430,23,22.414,0.9071162417770547,25,1
sparse,100,10000,15901,bidi_distance,close,77_85,83_97,18,204,19,18.0,0.7286528055103888,25,1
sparse,100,10000,15901,bidi_distance,close,25_34,15_39,15,218,17,16.414,0.6534562127994793,25,1
sparse,100,10000,15901,bidi_distance,close,52_52,60_55,11,88,12,11.0,0.42875162480175594,25,1
sparse,100,10000,15901,bidi_distance,close,74_6,73_18,13,177,18,17.0,0.6806033075800332,25,1
sparse,100,10000,15901,bidi_distance,close,64_36,54_46,20,286,20,19.414,0.776377743176508,25,1
sparse,100,10000,15901,bidi_distance,close,42_86,51_78,17,237,18,17.0,0.6683012872410056,25,1
sparse,100,10000,15901,bidi_distance,close,20_19,24_24,9,50,10,9.0,0.3704621209339618,25,1
sparse,100,10000,15901,bidi_distance,close,21_52,27_41,17,215,18,17.0,0.6858246392009447,25,1
sparse,100,10000,15901,bidi_distance,close,42_23,46_24,5,17,6,5.0,0.19528556331785368,25,1
sparse,100,10000,15901,bidi_distance,close,8_40,20_34,18,242,18,17.414,0.7050215189366651,25,1
sparse,100,10000,15901,bidi_distance,close,96_38,98_41,5,17,6,5.0,0.21364771800059912,25,1
sparse,100,10000,15901,bidi_distance,close,82_38,83_38,1,1,2,1.0,0.045873365925974074,25,1
sparse,100,10000,15901,bidi_distance,close,62_63,56_65,8,71,11,10.0,0.4040760255624435,25,1
sparse,100,10000,15901,bidi_distance,close,65_21,54_11,21,329,22,21.0,0.8737994769694022,25,1
sparse,100,10000,15901,dijkstra_distance,far,56_99,94_7,130,9538,129,128.828,3.9296576422447616,25,1
sparse,100,10000,15901,dijkstra_distance,far,68_6,41_94,115,9237,114,113.828,3.600181388927856,25,1
sparse,100,10000,15901,dijkstra_distance,far,69_42,1_78,104,9558,62,92.64965543462901,2.6154797026350076,25,1
sparse,100,10000,15901,dijkstra_distance,far,96_70,16_5,145,9279,50,123.21303078589507,3.0178752668248987,25,1
sparse,100,10000,15901,dijkstra_distance,far,83_97,10_47,123,8294,121,121.242,3.804881185631206,25,1
sparse,100,10000,15901,dijkstra_distance,far,69_32,14_86,109,9521,67,97.64965543462901,2.7691588381314354,25,1
sparse,100,10000,15901,dijkstra_distance,far,33_32,80_86,101,9457,102,101.828,3.3067719853956596,25,1
sparse,100,10000,15901,dijkstra_distance,far,4_30,94_61,121,9027,122,121.0,3.7086229669511543,25,1
sparse,100,10000,15901,dijkstra_distance,far,93_79,58_3,111,7039,68,99.30165161069343,2.7641841288483673,25,1
sparse,100,10000,15901,dijkstra_distance,far,1_31,81_0,111,8152,114,113.0,3.650019591899493,25,1
sparse,100,10000,15901,dijkstra_distance,far,13_89,85_45,116,8297,77,107.97164119219941,3.073391494079023,25,1
sparse,100,10000,15901,dijkstra_distance,far,92_10,6_39,115,7717,114,113.828,3.5833177289090066,25,1
sparse,100,10000,15901,dijkstra_distance,far,9_13,78_51,107,7406,106,105.828,3.395686332469769,25,1
sparse,100,10000,15901,dijkstra_distance,far,51_5,98_99,141,9929,64,127.05833031901182,3.1132892152504974,25,1
sparse,100,10000,15901,dijkstra_distance,far,29_75,96_40,102,8989,103,102.0,3.30625543349668,25,1
sparse,100,10000,15901,dijkstra_distance,far,84_69,0_28,125,9605,124,123.828,3.871672860189568,25,1
sparse,100,10000,15901,dijkstra_distance,far,48_64,3_7,102,9788,85,100.46424919657298,3.043876463787973,25,1
sparse,100,10000,15901,dijkstra_distance,far,68_29,17_96,118,9716,73,103.97164119219941,3.0076789180631005,25,1
sparse,100,10000,15901,dijkstra_distance,far,96_41,14_7,116,8954,81,112.30165161069343,3.2255474347534903,25,1
sparse,100,10000,15901,dijkstra_distance,far,51_89,7_30,103,8556,103,102.414,3.250653524606473,25,1
sparse,100,10000,15901,dijkstra_time,far,56_99,94_7,130,9168,97,142.0,3.589082850902817,25,1
sparse,100,10000,15901,dijkstra_time,far,68_6,41_94,115,9701,91,122.38564119219942,3.292682020624382,25,1
sparse,100,10000,15901,dijkstra_time,far,69_42,1_78,104,9093,62,92.64965543462901,2.5511263848423504,25,1
sparse,100,10000,15901,dijkstra_time,far,96_70,16_5,145,7496,50,123.21303078589507,2.9501811442639805,25,1
sparse,100,10000,15901,dijkstra_time,far,83_97,10_47,123,8627,122,121.828,3.607850609213245,25,1
sparse,100,10000,15901,dijkstra_time,far,69_32,14_86,109,9238,67,97.64965543462901,2.689732920261575,25,1
sparse,100,10000,15901,dijkstra_time,far,33_32,80_86,101,9590,103,102.414,3.1760683045904923,25,1
sparse,100,10000,15901,dijkstra_time,far,4_30,94_61,121,8757,78,151.21303078589506,3.4672589696972556,25,1
sparse,100,10000,15901,dijkstra_time,far,93_79,58_3,111,5921,38,111.21303078589507,2.7019402708729223,25,1
sparse,100,10000,15901,dijkstra_time,far,1_31,81_0,111,7840,78,139.12685640834653,3.3518541279342626,25,1
sparse,100,10000,15901,dijkstra_time,far,13_89,85_45,116,8535,80,110.64965543462901,3.0020810717428295,25,1
sparse,100,10000,15901,dijkstra_time,far,92_10,6_39,115,9237,70,131.12685640834653,3.3081487845105504,25,1
sparse,100,10000,15901,dijkstra_time,far,9_13,78_51,107,7446,96,111.46424919657298,3.191602799695867,25,1
sparse,100,10000,15901,dijkstra_time,far,51_5,98_99,141,9052,64,127.05833031901182,3.063515192969014,25,1
sparse,100,10000,15901,dijkstra_time,far,29_75,96_40,102,9306,72,119.11390463120199,3.0643759220936637,25,1
sparse,100,10000,15901,dijkstra_time,far,84_69,0_28,125,9944,124,123.828,3.7238751742923606,25,1
sparse,100,10000,15901,dijkstra_time,far,48_64,3_7,102,9653,85,100.46424919657298,2.96587962283083,25,1
sparse,100,10000,15901,dijkstra_time,far,68_29,17_96,118,9727,74,104.64965543462901,2.872897579023024,25,1
sparse,100,10000,15901,dijkstra_time,far,96_41,14_7,116,8821,81,112.30165161069343,3.1160867526693443,25,1
sparse,100,10000,15901,dijkstra_time,far,51_89,7_30,103,8410,103,102.414,3.1537043760793324,25,1
sparse,100,10000,15901,bidi_distance,far,56_99,94_7,130,6533,129,128.828,3.956225379263443,25,1
sparse,100,10000,15901,bidi_distance,far,68_6,41_94,115,6795,114,113.828,3.5758485144422347,25,1
sparse,100,10000,15901,bidi_distance,far,69_42,1_78,104,5566,62,92.64965543462901,2.632522486770388,25,1
sparse,100,10000,15901,bidi_distance,far,96_70,16_5,145,6508,50,123.21303078589507,2.964563256277469,25,1
sparse,100,10000,15901,bidi_distance,far,83_97,10_47,123,7146,121,121.242,3.8569704003918868,25,1
sparse,100,10000,15901,bidi_distance,far,69_32,14_86,109,6368,67,97.64965543462901,2.7804091569538123,25,1
sparse,100,10000,15901,bidi_distance,far,33_32,80_86,101,7068,102,101.828,3.351551157765512,25,1
sparse,100,10000,15901,bidi_distance,far,4_30,94_61,121,7141,122,121.0,3.7640014058510034,25,1
sparse,100,10000,15901,bidi_distance,far,93_79,58_3,111,5021,68,99.30165161069343,2.764330374185791,25,1
sparse,100,10000,15901,bidi_distance,far,1_31,81_0,111,5014,114,113.0,3.651133700244828,25,1
sparse,100,10000,15901,bidi_distance,far,13_89,85_45,116,6637,77,107.97164119219941,3.1363840825534193,25,1
sparse,100,10000,15901,bidi_distance,far,92_10,6_39,115,6010,114,113.828,3.554606616702961,25,1
sparse,100,10000,15901,bidi_distance,far,9_13,78_51,107,6670,106,105.828,3.410389867772425,25,1
sparse,100,10000,15901,bidi_distance,far,51_5,98_99,141,6470,64,127.05833031901182,3.095369723881763,25,1
sparse,100,10000,15901,bidi_distance,far,29_75,96_40,102,6556,103,102.0,3.33508786188644,25,1
sparse,100,10000,15901,bidi_distance,far,84_69,0_28,125,7494,124,123.828,3.8811961126975123,25,1
sparse,100,10000,15901,bidi_distance,far,48_64,3_7,102,6228,85,100.46424919657298,3.0251384100009164,25,1
sparse,100,10000,15901,bidi_distance,far,68_29,17_96,118,6580,73,103.97164119219941,3.0178287031646174,25,1
sparse,100,10000,15901,bidi_distance,far,96_41,14_7,116,5638,81,112.30165161069343,3.212781160538868,25,1
sparse,100,10000,15901,bidi_distance,far,51_89,7_30,103,6193,103,102.414,3.342582529030965,25,1
dense,100,10000,24277,dijkstra_distance,close,2_17,7_29,17,352,15,15.241999999999999,0.5945327029790439,25,1
dense,100,10000,24277,dijkstra_distance,close,46_28,39_32,11,199,9,9.241999999999999,0.3653074819263549,25,1
dense,100,10000,24277,dijkstra_distance,close,21_41,12_31,19,653,16,16.656,0.6413089032061389,25,1
dense,100,10000,24277,dijkstra_distance,close,69_47,80_45,13,320,12,11.828,0.48056958480284134,25,1
dense,100,10000,24277,dijkstra_distance,close,31_73,29_79,8,118,8,7.414,0.30848505956233097,25,1
dense,100,10000,24277,dijkstra_distance,close,66_25,63_13,15,441,14,13.828,0.5528476378738801,25,1
dense,100,10000,24277,dijkstra_distance,close,47_49,37_47,12,283,11,10.828,0.4276164660709588,25,1
dense,100,10000,24277,dijkstra_distance,close,53_33,47_28,11,195,9,9.241999999999999,0.37701034703611525,25,1
dense,100,10000,24277,dijkstra_distance,close,71_25,62_31,15,446,14,13.828,0.5620407110264403,25,1
dense,100,10000,24277,dijkstra_distance,close,10_72,20_69,13,345,13,12.414,0.47395516044917324,25,1
dense,100,10000,24277,dijkstra_distance,close,75_79,74_89,11,261,11,10.414,0.3952610732040605,25,1
dense,100,10000,24277,dijkstra_distance,close,57_51,56_47,5,47,6,5.0,0.18850510536302917,25,1
dense,100,10000,24277,dijkstra_distance,close,7_48,7_58,10,227,11,10.0,0.35765571431196697,25,1
dense,100,10000,24277,dijkstra_distance,close,68_30,67_31,2,6,2,1.414,0.054885585510800146,25,1
dense,100,10000,24277,dijkstra_distance,close,61_7,62_12,6,84,7,6.0,0.2399396813134501,25,1
dense,100,10000,24277,dijkstra_distance,close,47_28,40_24,11,234,10,9.828,0.388670977317352,25,1
dense,100,10000,24277,dijkstra_distance,close,30_73,19_68,16,475,14,14.241999999999999,0.5529279294226508,25,1
dense,100,10000,24277,dijkstra_distance,close,8_33,2_43,16,465,15,14.828,0.5983571408687821,25,1
dense,100,10000,24277,dijkstra_distance,close,85_80,90_81,6,85,7,6.0,0.26101371395409284,25,1
dense,100,10000,24277,dijkstra_distance,close,47_8,38_17,18,396,11,13.312,0.5189111949192495,25,1
dense,100,10000,24277,dijkstra_time,close,2_17,7_29,17,376,15,15.241999999999999,0.5828961982058163,25,1
dense,100,10000,24277,dijkstra_time,close,46_28,39_32,11,204,9,9.241999999999999,0.3653074819263549,25,1
dense,100,10000,24277,dijkstra_time,close,21_41,12_31,19,618,11,21.620555615733704,0.5896427511899835,25,1
dense,100,10000,24277,dijkstra_time,close,69_47,80_45,13,377,12,11.828,0.48056958480284134,25,1
dense,100,10000,24277,dijkstra_time,close,31_73,29_79,8,133,9,8.0,0.2901377849267061,25,1
dense,100,10000,24277,dijkstra_time,close,66_25,63_13,15,524,14,13.828,0.5416570640895128,25,1
dense,100,10000,24277,dijkstra_time,close,47_49,37_47,12,297,12,11.414,0.42579551316496955,25,1
dense,100,10000,24277,dijkstra_time,close,53_33,47_28,11,226,10,9.828,0.3707559575544923,25,1
dense,100,10000,24277,dijkstra_time,close,71_25,62_31,15,441,14,13.828,0.5225544404476977,25,1
dense,100,10000,24277,dijkstra_time,close,10_72,20_69,13,353,13,12.414,0.47395516044917324,25,1
dense,100,10000,24277,dijkstra_time,close,75_79,74_89,11,230,11,10.414,0.38362095364799415,25,1
dense,100,10000,24277,dijkstra_time,close,57_51,56_47,5,44,6,5.0,0.1872605501078452,25,1
dense,100,10000,24277,dijkstra_time,close,7_48,7_58,10,196,11,10.0,0.35765571431196697,25,1
dense,100,10000,24277,dijkstra_time,close,68_30,67_31,2,6,2,1.414,0.054885585510800146,25,1
dense,100,10000,24277,dijkstra_time,close,61_7,62_12,6,71,7,6.0,0.2161401924166391,25,1
dense,100,10000,24277,dijkstra_time,close,47_28,40_24,11,229,10,9.828,0.388670977317352,25,1
dense,100,10000,24277,dijkstra_time,close,30_73,19_68,16,516,14,14.241999999999999,0.5458829888463422,25,1
dense,100,10000,24277,dijkstra_time,close,8_33,2_43,16,502,16,15.414,0.5743669142865246,25,1
dense,100,10000,24277,dijkstra_time,close,85_80,90_81,6,100,7,6.0,0.26101371395409284,25,1
dense,100,10000,24277,dijkstra_time,close,47_8,38_17,18,407,11,13.312,0.5189111949192495,25,1
dense,100,10000,24277,bidi_distance,close,2_17,7_29,17,226,15,15.241999999999999,0.5828961982058163,25,1
dense,100,10000,24277,bidi_distance,close,46_28,39_32,11,90,9,9.241999999999999,0.37749420035596964,25,1
dense,100,10000,24277,bidi_distance,close,21_41,12_31,19,319,16,16.656,0.6413089032061389,25,1
dense,100,10000,24277,bidi_distance,close,69_47,80_45,13,147,12,11.828,0.48056958480284134,25,1
dense,100,10000,24277,bidi_distance,close,31_73,29_79,8,55,8,7.414,0.326405060183692,25,1
dense,100,10000,24277,bidi_distance,close,66_25,63_13,15,201,14,13.828,0.5528476378738801,25,1
dense,100,10000,24277,bidi_distance,close,47_49,37_47,12,123,11,10.828,0.4276164660709588,25,1
dense,100,10000,24277,bidi_distance,close,53_33,47_28,11,92,9,9.241999999999999,0.37701034703611525,25,1
dense,100,10000,24277,bidi_distance,close,71_25,62_31,15,209,14,13.828,0.5524056562473142,25,1
dense,100,10000,24277,bidi_distance,close,10_72,20_69,13,160,13,12.414,0.4911439794935927,25,1
dense,100,10000,24277,bidi_distance,close,75_79,74_89,11,112,11,10.414,0.38362095364799415,25,1
dense,100,10000,24277,bidi_distance,close,57_51,56_47,5,17,6,5.0,0.1872605501078452,25,1
dense,100,10000,24277,bidi_distance,close,7_48,7_58,10,104,11,10.0,0.35765571431196697,25,1
dense,100,10000,24277,bidi_distance,close,68_30,67_31,2,2,2,1.414,0.054885585510800146,25,1
dense,100,10000,24277,bidi_distance,close,61_7,62_12,6,34,7,6.0,0.2169063728052313,25,1
dense,100,10000,24277,bidi_distance,close,47_28,40_24,11,102,10,9.828,0.388670977317352,25,1
dense,100,10000,24277,bidi_distance,close,30_73,19_68,16,221,14,14.241999999999999,0.5529279294226508,25,1
dense,100,10000,24277,bidi_distance,close,8_33,2_43,16,216,15,14.828,0.6134408498633956,25,1
dense,100,10000,24277,bidi_distance,close,85_80,90_81,6,29,7,6.0,0.26101371395409284,25,1
dense,100,10000,24277,bidi_distance,close,47_8,38_17,18,213,11,13.311999999999998,0.5189111949192495,25,1
dense,100,10000,24277,dijkstra_distance,far,10_6,96_50,130,8745,25,101.54131086925804,2.24569531018122,25,1
dense,100,10000,24277,dijkstra_distance,far,10_83,78_31,120,8571,24,92.07735254367722,2.201694516025564,25,1
dense,100,10000,24277,dijkstra_distance,far,11_65,76_4,126,9416,16,93.56152977323114,2.04314656475142,25,1
dense,100,10000,24277,dijkstra_distance,far,88_64,33_7,112,8301,13,82.25184299369936,1.816104271134312,25,1
dense,100,10000,24277,dijkstra_distance,far,10_33,94_0,117,9330,29,93.46377688309809,2.165827462413893,25,1
dense,100,10000,24277,dijkstra_distance,far,72_82,22_22,110,8745,19,82.69934178636808,1.9206462607033756,25,1
dense,100,10000,24277,dijkstra_distance,far,2_3,46_80,121,6929,14,93.37077859203639,2.133242509449872,25,1
dense,100,10000,24277,dijkstra_distance,far,36_8,57_91,104,8719,35,88.49241868092095,2.2180591809792842,25,1
dense,100,10000,24277,dijkstra_distance,far,97_35,23_86,125,8708,17,93.81624198095213,2.1445854979211423,25,1
dense,100,10000,24277,dijkstra_distance,far,23_97,49_14,109,7883,20,90.1221805866774,1.9850957457307512,25,1
dense,100,10000,24277,dijkstra_distance,far,87_89,34_32,110,6931,17,82.38521859006987,1.8651585199517384,25,1
dense,100,10000,24277,dijkstra_distance,far,45_17,89_89,116,9558,17,87.6397957386445,2.0317567462092665,25,1
dense,100,10000,24277,dijkstra_distance,far,59_88,94_7,116,9505,20,92.92253421137082,2.1248423370013167,25,1
dense,100,10000,24277,dijkstra_distance,far,7_87,91_45,126,8587,28,97.26114582072748,2.3473688772881967,25,1
dense,100,10000,24277,dijkstra_distance,far,69_0,52_86,103,7967,48,90.98035804486894,2.4708851072063163,25,1
dense,100,10000,24277,dijkstra_distance,far,8_24,75_70,113,8062,22,86.08431446463138,2.120168283560695,25,1
dense,100,10000,24277,dijkstra_distance,far,78_8,97_89,100,8022,47,86.97408122288196,2.3674504479267013,25,1
dense,100,10000,24277,dijkstra_distance,far,14_66,96_15,133,9822,16,100.94638069569179,2.1740491899325547,25,1
dense,100,10000,24277,dijkstra_distance,far,5_37,87_92,137,9743,23,103.65328325402588,2.1502601620713886,25,1
dense,100,10000,24277,dijkstra_distance,far,76_97,29_36,108,6630,12,79.51241028861678,1.693923192969885,25,1
dense,100,10000,24277,dijkstra_time,far,10_6,96_50,130,8907,17,104.828,2.147439422957617,25,1
dense,100,10000,24277,dijkstra_time,far,10_83,78_31,120,7927,14,97.91161899362675,1.9559190801370345,25,1
dense,100,10000,24277,dijkstra_time,far,11_65,76_4,126,9270,16,93.56152977323114,2.0255296638487574,25,1
dense,100,10000,24277,dijkstra_time,far,88_64,33_7,112,8346,13,82.25184299369936,1.8024636816505466,25,1
dense,100,10000,24277,dijkstra_time,far,10_33,94_0,117,9477,14,100.91733415483519,2.0288379155873044,25,1
dense,100,10000,24277,dijkstra_time,far,72_82,22_22,110,8774,15,90.23046298889074,1.8168338237636017,25,1
dense,100,10000,24277,dijkstra_time,far,2_3,46_80,121,6630,10,96.53840435120969,1.9745031519857523,25,1
dense,100,10000,24277,dijkstra_time,far,36_8,57_91,104,8828,17,92.04479604916492,1.9702547093288998,25,1
dense,100,10000,24277,dijkstra_time,far,97_35,23_86,125,8808,13,100.05054744357274,2.0220372198831753,25,1
dense,100,10000,24277,dijkstra_time,far,23_97,49_14,109,7933,20,90.1221805866774,1.964052419709434,25,1
dense,100,10000,24277,dijkstra_time,far,87_89,34_32,110,6822,17,82.38521859006987,1.8308090950434326,25,1
dense,100,10000,24277,dijkstra_time,far,45_17,89_89,116,9741,11,102.46952557298953,1.9561466005847852,25,1
dense,100,10000,24277,dijkstra_time,far,59_88,94_7,116,9175,13,95.1898762646452,1.9169283804139214,25,1
dense,100,10000,24277,dijkstra_time,far,7_87,91_45,126,8781,13,101.79645270895244,2.0892533648741387,25,1
dense,100,10000,24277,dijkstra_time,far,69_0,52_86,103,8069,12,96.99344328765345,1.983177728594455,25,1
dense,100,10000,24277,dijkstra_time,far,8_24,75_70,113,8904,15,89.85954964600279,1.9814758268980017,25,1
dense,100,10000,24277,dijkstra_time,far,78_8,97_89,100,7992,16,87.00832973047436,1.8712707949780452,25,1
dense,100,10000,24277,dijkstra_time,far,14_66,96_15,133,9752,10,103.47072058319073,2.094862876781408,25,1
dense,100,10000,24277,dijkstra_time,far,5_37,87_92,137,9653,15,113.33913884871762,2.1287516818604684,25,1
dense,100,10000,24277,dijkstra_time,far,76_97,29_36,108,5715,11,85.00682943345336,1.6644577645923884,25,1
dense,100,10000,24277,bidi_distance,far,10_6,96_50,130,6423,25,101.54131086925804,2.2546708636085007,25,1
dense,100,10000,24277,bidi_distance,far,10_83,78_31,120,6872,24,92.07735254367722,2.1817850211335554,25,1
dense,100,10000,24277,bidi_distance,far,11_65,76_4,126,6327,16,93.56152977323114,2.048000386125185,25,1
dense,100,10000,24277,bidi_distance,far,88_64,33_7,112,5762,13,82.25184299369936,1.816104271134312,25,1
dense,100,10000,24277,bidi_distance,far,10_33,94_0,117,5302,29,93.46377688309809,2.171557897871887,25,1
dense,100,10000,24277,bidi_distance,far,72_82,22_22,110,6462,19,82.69934178636807,1.9139341089912463,25,1
dense,100,10000,24277,bidi_distance,far,2_3,46_80,121,6223,14,93.37077859203639,2.133242509449872,25,1
dense,100,10000,24277,bidi_distance,far,36_8,57_91,104,6431,35,88.49241868092095,2.2180591809792842,25,1
dense,100,10000,24277,bidi_distance,far,97_35,23_86,125,6294,17,93.81624198095213,2.1445854979211423,25,1
dense,100,10000,24277,bidi_distance,far,23_97,49_14,109,6395,20,90.12218058667739,1.9845776060669618,25,1
dense,100,10000,24277,bidi_distance,far,87_89,34_32,110,6314,17,82.38521859006987,1.847633261411391,25,1
dense,100,10000,24277,bidi_distance,far,45_17,89_89,116,6235,17,87.6397957386445,2.0317567462092665,25,1
dense,100,10000,24277,bidi_distance,far,59_88,94_7,116,5936,20,92.92253421137082,2.1248423370013167,25,1
dense,100,10000,24277,bidi_distance,far,7_87,91_45,126,6502,28,97.26114582072748,2.3473688772881967,25,1
dense,100,10000,24277,bidi_distance,far,69_0,52_86,103,6399,48,90.98035804486894,2.4963157901407937,25,1
dense,100,10000,24277,bidi_distance,far,8_24,75_70,113,6586,22,86.08431446463138,2.120168283560695,25,1
dense,100,10000,24277,bidi_distance,far,78_8,97_89,100,4387,47,86.97408122288196,2.3514336045006505,25,1
dense,100,10000,24277,bidi_distance,far,14_66,96_15,133,7046,16,100.94638069569177,2.1740491899325547,25,1
dense,100,10000,24277,bidi_distance,far,5_37,87_92,137,6799,23,103.65328325402588,2.1433701494349355,25,1
dense,100,10000,24277,bidi_distance,far,76_97,29_36,108,5890,12,79.51241028861678,1.693923192969885,25,1
